频道名,地址,tvg-id,tvg-name,国家分组,语言分组,图标,原分组,分辨率,来源文件
江苏卫视,http://120.211.62.180:8000/hls/32/index.m3u8,,,,,,,,CCSH.txt
江苏卫视,https://www.freetv.top/migu/623899368.m3u8?migutoken=a05a40d6e6ed59e05b38b4ebfaa76f08e8b1477802d7e984802aa4997af44caac8ccf440496662d885f70a6d35fa54f4aa876e2a834e7f5026b626fb250dcc5d14ae02fa6247c3e070d256ea39,,,,,,,,CCSH.txt
江苏卫视,http://113.57.93.165:9900/tsfile/live/0127_1.m3u8?key=txiptv&playlive=1&authid=0,,,,,,,,CCSH.txt
江苏卫视,http://183.11.239.36:808/hls/38/index.m3u8,,,,,,,,CCSH.txt
江苏卫视,http://61.156.228.12:8154/tsfile/live/0127_1.m3u8,,,,,,,,CCSH.txt
江苏卫视,http://112.46.85.60:8009/hls/33/index.m3u8,,,,,,,,CCSH.txt
江苏卫视,http://123.129.70.178:9901/tsfile/live/0127_1.m3u8,,,,,,,,CCSH.txt
江苏卫视,http://218.3.138.25:1111/tsfile/live/1017_1.m3u8,,,,,,,,CCSH.txt
江苏卫视,http://123.129.70.178:9901/tsfile/live/0127_1.m3u8?key=txiptv&playlive=1&authid=0,,,,,,,,CCSH.txt
江苏卫视,http://113.57.93.165:9900/tsfile/live/0127_1.m3u8,,,,,,,,CCSH.txt
江苏卫视,http://61.136.172.236:9901/tsfile/live/0127_1.m3u8?key=txiptv&playlive=1&authid=0,,,,,,,,CCSH.txt
江苏卫视,http://218.3.138.25:1111/tsfile/live/1017_1.m3u8?key=txiptv&playlive=1&authid=0,,,,,,,,CCSH.txt
江苏卫视,http://123.130.84.106:8154/tsfile/live/0127_1.m3u8?key=txiptv&playlive=1&authid=0,,,,,,,,CCSH.txt
江苏卫视,http://182.150.23.74:808/hls/18/index.m3u8,,,,,,,,CCSH.txt
江苏卫视,https://stream1.freetv.fun/8ed0870d4280b3b28954d9ae067b37ff8885ea15549512273090c7833634d40d.m3u8,,,,,,,,CCSH.txt
江苏卫视,https://stream1.freetv.fun/942bdc6135b9030e7a554f57e2487fe9f1051af73a481733707a560a874a58c3.m3u8,,,,,,,,CCSH.txt
江苏卫视,https://stream1.freetv.fun/jiang-su-wei-shi-86.ctv,,,,,,,,CCSH.txt
江苏卫视,http://58.17.116.69:9903/tsfile/live/0127_2.m3u8?key=txiptv&playlive=0&authid=0,,,,,,,,CCSH.txt
江苏卫视,http://58.57.40.22:9901/tsfile/live/1031_1.m3u8,,,,,,,,CCSH.txt
江苏卫视,http://123.130.84.106:8154/tsfile/live/0127_1.m3u8,,,,,,,,CCSH.txt
江苏卫视,http://drive.mxmy.net:8888/udp/239.3.1.135:8028,,,,,,,,CCSH.txt
江苏卫视,http://go.bkpcp.top/mg/jsws,,,,,,,,CCSH.txt
江苏卫视,http://111.61.236.247:9081/hls/26/index.m3u8,,,,,,,,CCSH.txt
江苏卫视,http://61.136.172.236:9901/tsfile/live/0127_1.m3u8,,,,,,,,CCSH.txt
江苏卫视,https://www.freetv.top/migu/623899368.m3u8?migutoken=f1cd269b0915b27f2f0df129140c45e31211c441e8ec295cf566305c2c1d9f490e8e306f275eb4c59d97f3f033a2c75d35acaee85d3c81095ef1399e7c55e0351c61f40a24aaa0a52ccffa9041,,,,,,,,CCSH.txt
江苏卫视,https://www.freetv.top/migu/623899368.m3u8?migutoken=3ec7add32f2108ed670e526f58207033f492fc81ffe6044df4e04bf88bca3cfbe3f1af7bd4fa10e5a6663f276475985da275dfa9a568feed08fbc90f40838156a2167089cb6b35aaaf231e8ae8,,,,,,,,CCSH.txt
江苏卫视,https://www.freetv.top/migu/623899368.m3u8?migutoken=eeab3d17b63b4c7e121ca8b24be0708254418f2e6cf6a24e94e18f79f97719fcea9930b4df2add6349f47b4bbb429f376c6d63c64916f5c43cdc2c87c201be1688d9db3211827c78605443a1f0,,,,,,,,CCSH.txt
江苏卫视,https://www.freetv.top/migu/623899368.m3u8?migutoken=97c7334488eebe10f8c7b70518971ba643de7407f32f3bb9fa0a6ece2bce6efb9942dee16dfb87de86df53f96ada93dc655f3c7535b19ffce4a9f67172ff587bbab11924238b04bf91959f0cc5,,,,,,,,CCSH.txt
江苏卫视,http://120.76.248.139/live/bfgd/4200000085.m3u8,,,,,,,,CCSH.txt
江苏卫视,http://222.169.85.8:9901/tsfile/live/0127_1.m3u8,,,,,,,,CCSH.txt
江苏卫视,https://www.freetv.top/migu/623899368.m3u8?migutoken=89adf8885d4f1f9dee34a4e8d60f187e5b071ac9b79001260a0b66da9027070e0b861510da93cb5190da002ca87645e63e57bada2c65f959e8ef81f693c239f194d683ba2083252bbb0caeab96,,,,,,,,CCSH.txt
江苏卫视,http://223.105.252.8/PLTV/4/224/3221228099/index.m3u8,,,,,,,,CCSH.txt
江苏卫视,http://dms.yryyj.site:8188/udp/239.76.246.181:1234,,,,,,,,CCSH.txt
江苏卫视,https://www.freetv.top/migu/623899368.m3u8?migutoken=ca66e6b352790e26cafbf18eb7d18109977a8f44afcc9fafcfd79a7a68f6edd137bb91043c772fd9a42724999781eff4c9ccb62eb6457e260348f7b8f07926845ccf51ebc2fc10b4fecea8272d,,,,,,,,CCSH.txt
江苏卫视,http://223.105.252.8/PLTV/3/224/3221228306/index.m3u8,,,,,,,,CCSH.txt
江苏卫视,http://gfr.x3322.net:9901/tsfile/live/1086_1.m3u8,,,,,,,,CCSH.txt
江苏卫视,http://113.15.109.216:59901/tsfile/live/0127_1.m3u8?key=txiptv&playlive=1&authid=0,,,,,,,,CCSH.txt
江苏卫视,http://www.cdnstv.com:6398/hls/50/index.m3u8,,,,,,,,CCSH.txt
江苏卫视,https://stream1.freetv.fun/jiang-su-wei-shi-85.ctv,,,,,,,,CCSH.txt
江苏卫视,https://t.freetv.fun/live/jiang-su-wei-shi-4.m3u8,,,,,,,,CCSH.txt
江苏卫视,https://t.freetv.fun/live/jiang-su-wei-shi-3.php,,,,,,,,CCSH.txt
江苏卫视,https://t.freetv.fun/live/jiang-su-wei-shi.php,,,,,,,,CCSH.txt
江苏卫视,https://t.freetv.fun/live/jiang-su-wei-shi-1.php,,,,,,,,CCSH.txt
江苏卫视,https://t.freetv.fun/live/jiang-su-wei-shi-9.php,,,,,,,,CCSH.txt
江苏卫视,https://t.freetv.fun/live/jiang-su-wei-shi-gao-qing.m3u8,,,,,,,,CCSH.txt
江苏卫视,https://migu.188766.xyz/?migutoken=05141b2fbcc05b80e38abf7bd3214503&id=%E6%B1%9F%E8%8B%8F%E5%8D%AB%E8%A7%86&type=yy,,,,,,,,CCSH.txt
江苏卫视,http://27.41.245.32:801/hls/42/index.m3u8,,,,,,,,CCSH.txt
江苏卫视,http://111.221.137.234:44330/tsfile/live/0135_1.m3u8?key=txiptv&playlive=0&authid=0,,,,,,,,CCSH.txt
江苏卫视,http://hlsztemgsplive.miguvideo.com:8080/wd_r2/cctv/jiangsuhd/600/index.m3u8?msisdn=2026010306020401d10fc91fee4894a01be62d47a62f62&mdspid=&spid=699067&netType=0&sid=5500199408&pid=2028597139&timestamp=20260103060204&Channel_ID=0116_2600037000-99000-200300220100002&ProgramID=623899368&ParentNodeID=-99&assertID=5500199408&client_ip=218.28.233.106&SecurityKey=20260103060204&promotionId=&mvid=5100156802&mcid=500020&playurlVersion=WX-A1-8.12.2-RELEASE&userid=&jmhm=&videocodec=h264&appCode=miguvideo_android&bean=mgspad&tid=android&conFee=0&encrypt=95919da7147a66ec393e61012e0aaf12&sv=10004&ct=android,,,,,,,,CCSH.txt
江苏卫视,http://218.13.170.98:9901/tsfile/live/1003_1.m3u8,,,,,,,,CCSH.txt
江苏卫视,http://60.16.0.216:5757/hls/24/index.m3u8,,,,,,,,CCSH.txt
江苏卫视,http://223.159.9.168:8099/tsfile/live/0127_1.m3u8?key=txiptv&playlive=0&authid=0,,,,,,,,CCSH.txt
江苏卫视,http://hlsztemgsplive.miguvideo.com:8080/wd_r2/cctv/jiangsuhd/600/index.m3u8?msisdn=20260104020222a6626f0a33f24af3bb540b7f229d8ec0&mdspid=&spid=699067&netType=0&sid=5500199408&pid=2028597139&timestamp=20260104020222&Channel_ID=0116_2600037000-99000-200300220100002&ProgramID=623899368&ParentNodeID=-99&assertID=5500199408&client_ip=218.28.233.106&SecurityKey=20260104020222&promotionId=&mvid=5100156802&mcid=500020&playurlVersion=WX-A1-8.12.2-RELEASE&userid=&jmhm=&videocodec=h264&appCode=miguvideo_android&bean=mgspad&tid=android&conFee=0&encrypt=cec9b8dc1fc9038ba51ec6cad945dc6a&sv=10004&ct=android,,,,,,,,CCSH.txt
江苏卫视,http://kkk.888.3116598.xyz/api.php?n=tttt&id=JIG6SZ&tk=FgM0vQMejxvG,,,,,,,,CCSH.txt
安徽卫视,http://ottrrs.hl.chinamobile.com/PLTV/88888888/224/3221226391/index.m3u8,,,,,,,,CCSH.txt
安徽卫视,http://ottrrs.hl.chinamobile.com/PLTV/88888888/224/3221226498/index.m3u8,,,,,,,,CCSH.txt
安徽卫视,http://39.134.67.108/PLTV/88888888/224/3221225925/1.m3u8,,,,,,,,CCSH.txt
安徽卫视,http://kkk.888.3116598.xyz/api.php?n=tttt&id=xOh7si&tk=FgM0vQMejxvG,,,,,,,,CCSH.txt
安徽卫视,http://kkk.888.3116598.xyz/api.php?n=tttt&id=8Cx5u9&tk=FgM0vQMejxvG,,,,,,,,CCSH.txt
安徽卫视,http://kkk.888.3116598.xyz/api.php?n=tttt&id=am1yBM&tk=FgM0vQMejxvG,,,,,,,,CCSH.txt
安徽卫视,http://kkk.888.3116598.xyz/api.php?n=tttt&id=2NmDaA&tk=FgM0vQMejxvG,,,,,,,,CCSH.txt
安徽卫视,http://kkk.888.3116598.xyz/api.php?n=tttt&id=TFEshi&tk=FgM0vQMejxvG,,,,,,,,CCSH.txt
安徽卫视,https://iptv.catvod.com/live.php?id=%E5%AE%89%E5%BE%BD%E5%8D%AB%E8%A7%86,,,,,,,,CCSH.txt
安徽卫视,https://stream1.freetv.fun/906b7dfc8501d563ce9e6384ef2b315281f4c89810d86a84adaa146096498593.m3u8,,,,,,,,CCSH.txt
安徽卫视,https://stream1.freetv.fun/an-hui-wei-shi-61.m3u8,,,,,,,,CCSH.txt
安徽卫视,http://kkk.888.3116598.xyz/api.php?n=tttt&id=CRZX5H&tk=FgM0vQMejxvG,,,,,,,,CCSH.txt
安徽卫视,https://stream1.freetv.fun/5b4822a5ec2db203657ad69a37c8ee684490003ec64dfd80eb0c8074110f60e2.m3u8,,,,,,,,CCSH.txt
安徽卫视,http://112.27.235.94:8000/hls/26/index.m3u8,,,,,,,,CCSH.txt
安徽卫视,http://120.211.62.180:8000/hls/33/index.m3u8,,,,,,,,CCSH.txt
安徽卫视,http://113.57.93.165:9900/tsfile/live/0130_1.m3u8?key=txiptv&playlive=1&authid=0,,,,,,,,CCSH.txt
安徽卫视,http://113.57.93.165:9900/tsfile/live/0130_1.m3u8,,,,,,,,CCSH.txt
安徽卫视,http://183.11.239.36:808/hls/40/index.m3u8,,,,,,,,CCSH.txt
安徽卫视,http://112.123.243.37:50085/tsfile/live/0130_1.m3u8?key=txiptv&playlive=0&authid=0,,,,,,,,CCSH.txt
安徽卫视,http://61.156.228.12:8154/tsfile/live/0130_1.m3u8,,,,,,,,CCSH.txt
安徽卫视,http://61.136.172.236:9901/tsfile/live/0130_1.m3u8?key=txiptv&playlive=1&authid=0,,,,,,,,CCSH.txt
安徽卫视,http://58.57.40.22:9901/tsfile/live/1033_1.m3u8,,,,,,,,CCSH.txt
安徽卫视,http://223.145.224.76:8000/udp/239.76.245.196:1234,,,,,,,,CCSH.txt
安徽卫视,http://123.129.70.178:9901/tsfile/live/0130_1.m3u8,,,,,,,,CCSH.txt
安徽卫视,https://stream1.freetv.fun/3db6340e04c19913bc16b227b8547df71fa7b082907bd6242e7dd09d35661e8e.m3u8,,,,,,,,CCSH.txt
安徽卫视,http://58.17.116.69:9903/tsfile/live/0130_2.m3u8?key=txiptv&playlive=0&authid=0,,,,,,,,CCSH.txt
安徽卫视,https://stream1.freetv.fun/an-hui-wei-shi-80.m3u8,,,,,,,,CCSH.txt
安徽卫视,http://123.130.84.106:8154/tsfile/live/0130_1.m3u8?key=txiptv&playlive=1&authid=0,,,,,,,,CCSH.txt
安徽卫视,http://222.134.245.16:9901/tsfile/live/0130_1.m3u8,,,,,,,,CCSH.txt
安徽卫视,http://drive.mxmy.net:8888/udp/239.3.1.211:8064,,,,,,,,CCSH.txt
安徽卫视,http://123.130.84.106:8154/tsfile/live/0130_1.m3u8,,,,,,,,CCSH.txt
安徽卫视,http://dms.yryyj.site:8188/udp/239.76.245.196:1234,,,,,,,,CCSH.txt
安徽卫视,http://111.61.236.247:9081/hls/27/index.m3u8,,,,,,,,CCSH.txt
安徽卫视,http://124.116.183.146:9901/tsfile/live/0130_1.m3u8,,,,,,,,CCSH.txt
安徽卫视,http://59.39.89.130:60901/tsfile/live/0125_6.m3u8?key=txiptv&playlive=1&authid=0,,,,,,,,CCSH.txt
安徽卫视,http://61.136.172.236:9901/tsfile/live/0130_1.m3u8,,,,,,,,CCSH.txt
安徽卫视,https://stream1.freetv.fun/3b132909c51ece5bb6a4c50973030c42c593bd7b8c67c8914018a6250309efcb.m3u8,,,,,,,,CCSH.txt
安徽卫视,http://120.76.248.139/live/bfgd/4200000096.m3u8,,,,,,,,CCSH.txt
安徽卫视,http://gmxw.7766.org:808/hls/40/index.m3u8,,,,,,,,CCSH.txt
安徽卫视,https://www.yangshipin.cn/tv/home?pid=600002532,,,,,,,,CCSH.txt
安徽卫视,https://t.freetv.fun/live/an-hui-wei-shi-1.m3u8,,,,,,,,CCSH.txt
安徽卫视,https://t.freetv.fun/live/an-hui-wei-shi-4.m3u8,,,,,,,,CCSH.txt
安徽卫视,https://t.freetv.fun/live/an-hui-wei-shi-12.php,,,,,,,,CCSH.txt
安徽卫视,https://t.freetv.fun/live/an-hui-wei-shi-18.m3u8,,,,,,,,CCSH.txt
安徽卫视,https://t.freetv.fun/live/an-hui-wei-shi-7.m3u8,,,,,,,,CCSH.txt
安徽卫视,https://t.freetv.fun/live/an-hui-wei-shi-35.m3u8,,,,,,,,CCSH.txt
安徽卫视,https://t.freetv.fun/live/an-hui-wei-shi.php,,,,,,,,CCSH.txt
安徽卫视,https://t.freetv.fun/live/an-hui-wei-shi-6.php,,,,,,,,CCSH.txt
安徽卫视,http://tvlist.top/jd/index.php?id=ahws&qt=183.224.122.114:8014,,,,,,,,CCSH.txt
安徽卫视,http://222.214.208.34:59901/tsfile/live/0130_1.m3u8,,,,,,,,CCSH.txt
安徽卫视,http://222.169.85.8:9901/tsfile/live/0130_1.m3u8,,,,,,,,CCSH.txt
安徽卫视,http://182.150.23.74:808/hls/25/index.m3u8,,,,,,,,CCSH.txt
安徽卫视,http://223.159.9.168:8099/tsfile/live/0130_1.m3u8?key=txiptv&playlive=0&authid=0,,,,,,,,CCSH.txt
安徽卫视,http://223.241.247.214:9901/tsfile/live/0019_1.m3u8?key=txiptv&playlive=1&authid=0,,,,,,,,CCSH.txt
东南卫视,http://ottrrs.hl.chinamobile.com/PLTV/88888888/224/3221226341/index.m3u8,,,,,,,,CCSH.txt
东南卫视,http://ottrrs.hl.chinamobile.com/PLTV/88888888/224/3221226377/index.m3u8,,,,,,,,CCSH.txt
东南卫视,http://ottrrs.hl.chinamobile.com/PLTV/88888888/224/3221225620/index.m3u8,,,,,,,,CCSH.txt
东南卫视,http://39.134.67.108/PLTV/88888888/224/3221225950/1.m3u8,,,,,,,,CCSH.txt
东南卫视,http://kkk.888.3116598.xyz/api.php?n=tttt&id=UsDI58&tk=FgM0vQMejxvG,,,,,,,,CCSH.txt
东南卫视,http://kkk.888.3116598.xyz/api.php?n=tttt&id=rhgaDE&tk=FgM0vQMejxvG,,,,,,,,CCSH.txt
东南卫视,http://kkk.888.3116598.xyz/api.php?n=tttt&id=eD7Bfe&tk=FgM0vQMejxvG,,,,,,,,CCSH.txt
东南卫视,http://kkk.888.3116598.xyz/api.php?n=tttt&id=KM02Go&tk=FgM0vQMejxvG,,,,,,,,CCSH.txt
东南卫视,http://kkk.888.3116598.xyz/api.php?n=tttt&id=ukuQj1&tk=FgM0vQMejxvG,,,,,,,,CCSH.txt
东南卫视,http://kkk.888.3116598.xyz/api.php?n=tttt&id=vUcYGB&tk=FgM0vQMejxvG,,,,,,,,CCSH.txt
东南卫视,https://iptv.catvod.com/live.php?id=%E4%B8%9C%E5%8D%97%E5%8D%AB%E8%A7%86%E5%8F%B0,,,,,,,,CCSH.txt
东南卫视,https://stream1.freetv.fun/ecd1f472ed5554a7b1fee4a1d24669f72077c9847d4df7a5cf5f5d70fc7d0ac0.m3u8,,,,,,,,CCSH.txt
东南卫视,http://kkk.888.3116598.xyz/api.php?n=tttt&id=hDRjX9&tk=FgM0vQMejxvG,,,,,,,,CCSH.txt
东南卫视,https://stream1.freetv.fun/e900f07a1d374fc5cefae3ee69d9b29a3cbd30828e5a0ef1a0ccf3ad8ac68907.m3u8,,,,,,,,CCSH.txt
东南卫视,http://112.27.235.94:8000/hls/38/index.m3u8,,,,,,,,CCSH.txt
东南卫视,https://www.freetv.top/migu/849116810.m3u8?migutoken=ad40cfb84c6c3a70e2f36f9419fde87147081bd969b8a7c270fde9e9dee90e1aabf8472344c1316a13639f26892f03cd1807f6b81db9976a0212ada2cdc1cdf9f9c01696f6478a7484eb04e6ef,,,,,,,,CCSH.txt
东南卫视,http://113.57.93.165:9900/tsfile/live/0137_1.m3u8,,,,,,,,CCSH.txt
东南卫视,http://113.57.93.165:9900/tsfile/live/0137_1.m3u8?key=txiptv&playlive=1&authid=0,,,,,,,,CCSH.txt
东南卫视,http://123.129.70.178:9901/tsfile/live/0137_1.m3u8,,,,,,,,CCSH.txt
东南卫视,http://123.129.70.178:9901/tsfile/live/0137_1.m3u8?key=txiptv&playlive=1&authid=0,,,,,,,,CCSH.txt
东南卫视,http://61.136.172.236:9901/tsfile/live/0137_1.m3u8?key=txiptv&playlive=1&authid=0,,,,,,,,CCSH.txt
东南卫视,http://58.57.40.22:9901/tsfile/live/1037_1.m3u8,,,,,,,,CCSH.txt
东南卫视,http://113.15.109.216:59901/tsfile/live/0137_1.m3u8?key=txiptv&playlive=1&authid=0,,,,,,,,CCSH.txt
东南卫视,http://drive.mxmy.net:8888/udp/239.3.1.156:8148,,,,,,,,CCSH.txt
东南卫视,http://222.214.208.34:59901/tsfile/live/0137_1.m3u8,,,,,,,,CCSH.txt
东南卫视,https://stream1.freetv.fun/f15a5eae2b1ff31b04ac49128210355c6eefafef8947578068c324a46f006cfe.m3u8,,,,,,,,CCSH.txt
东南卫视,http://123.130.84.106:8154/tsfile/live/0137_1.m3u8?key=txiptv&playlive=1&authid=0,,,,,,,,CCSH.txt
东南卫视,https://stream1.freetv.fun/3fa9797aa12d21a581dcf1534a15605ecaf7789df1803e2dd0543ae04897b95c.m3u8,,,,,,,,CCSH.txt
东南卫视,http://111.61.236.247:9081/hls/42/index.m3u8,,,,,,,,CCSH.txt
东南卫视,http://123.130.84.106:8154/tsfile/live/0137_1.m3u8,,,,,,,,CCSH.txt
东南卫视,https://www.freetv.top/migu/849116810.m3u8?migutoken=57b23005d895a6cd3e15ca214fe62e9cf83a69badc0ce3b833b22fe7eefbfc38e185d5f9539eca0a9cfebc7fd19dbe2b49cc2146019b049ffb948722d504a126278700ecc8a776cc6e8d23507a,,,,,,,,CCSH.txt
东南卫视,http://36.32.174.67:60080/newlive/live/hls/33/live.m3u8,,,,,,,,CCSH.txt
东南卫视,http://61.136.172.236:9901/tsfile/live/0137_1.m3u8,,,,,,,,CCSH.txt
东南卫视,http://dms.yryyj.site:8188/udp/239.76.245.190:1234,,,,,,,,CCSH.txt
东南卫视,https://www.freetv.top/migu/849116810.m3u8?migutoken=820d1dfe311ed9d88634dc040a64adbd8f30c96a6aec221a9807061025c02cc5be8e21cca6eb021eb76ad7333303e5dbe8e3ef24ad4aa58a274dc33ec25a3b373ddb6aee551e16ba35b3a9143a,,,,,,,,CCSH.txt
东南卫视,http://120.76.248.139/live/bfgd/4200000483.m3u8,,,,,,,,CCSH.txt
东南卫视,http://hmfs.f3322.net:3388/hls/26/index.m3u8,,,,,,,,CCSH.txt
东南卫视,http://gfr.x3322.net:9901/tsfile/live/1099_1.m3u8,,,,,,,,CCSH.txt
东南卫视,https://t.freetv.fun/live/dong-nan-wei-shi-3.php,,,,,,,,CCSH.txt
东南卫视,https://t.freetv.fun/live/dong-nan-wei-shi.m3u8,,,,,,,,CCSH.txt
东南卫视,https://t.freetv.fun/live/dong-nan-wei-shi-1.php,,,,,,,,CCSH.txt
东南卫视,https://t.freetv.fun/live/dong-nan-wei-shi-5.m3u8,,,,,,,,CCSH.txt
东南卫视,https://t.freetv.fun/live/dong-nan-wei-shi-6.php,,,,,,,,CCSH.txt
东南卫视,https://t.freetv.fun/live/dong-nan-wei-shi-7.php,,,,,,,,CCSH.txt
东南卫视,http://btjg.net:809/hls/44/index.m3u8,,,,,,,,CCSH.txt
东南卫视,http://39.152.103.17:8089/tsfile/live/1081_1.m3u8,,,,,,,,CCSH.txt
东南卫视,http://153.0.171.163:9901/tsfile/live/0137_1.m3u8?key=txiptv&playlive=1&authid=0,,,,,,,,CCSH.txt
东南卫视,https://live1-fuyun.fjtv.net/dnpd/hd/live.m3u8?_upt=42ba68ae1767477176,,,,,,,,CCSH.txt
东南卫视,https://haoyunlai.serv00.net/Smartv-1.php?id=fujian,,,,,,,,CCSH.txt
东南卫视,http://223.159.9.168:8099/tsfile/live/0137_1.m3u8?key=txiptv&playlive=0&authid=0,,,,,,,,CCSH.txt
东南卫视,http://hlsztemgsplive.miguvideo.com:8080/migu/kailu/dongnanws/50/20230724/index.m3u8?msisdn=2026010402022306dbf97492254123abbba5f06b73cc30&mdspid=&spid=600717&netType=0&sid=5910022182&pid=2028597139&timestamp=20260104020223&Channel_ID=0116_2600037000-99000-200300220100002&ProgramID=849116810&ParentNodeID=-99&assertID=5910022182&client_ip=218.28.233.106&SecurityKey=20260104020223&promotionId=&mvid=5900006229&mcid=500020&playurlVersion=WX-A1-8.12.2-RELEASE&userid=&jmhm=&videocodec=h264&appCode=miguvideo_android&bean=mgspad&tid=android&conFee=0&encrypt=7a1fdb97542b7d227f1323037418129b&sv=10004&ct=android,,,,,,,,CCSH.txt
东南卫视,https://iptv.catvod.com/live.php?id=%E4%B8%9C%E5%8D%97%E5%8D%AB%E8%A7%86,,,,,,,,CCSH.txt
北京卫视,http://ottrrs.hl.chinamobile.com/PLTV/88888888/224/3221226450/index.m3u8,,,,,,,,CCSH.txt
北京卫视,http://ottrrs.hl.chinamobile.com/PLTV/88888888/224/3221226251/index.m3u8,,,,,,,,CCSH.txt
北京卫视,http://ottrrs.hl.chinamobile.com/PLTV/88888888/224/3221225728/index.m3u8,,,,,,,,CCSH.txt
北京卫视,http://39.134.67.108/PLTV/88888888/224/3221225931/1.m3u8,,,,,,,,CCSH.txt
北京卫视,http://39.134.65.179/PLTV/88888888/224/3221225678/1.m3u8,,,,,,,,CCSH.txt
北京卫视,http://39.134.65.173/PLTV/88888888/224/3221225678/1.m3u8,,,,,,,,CCSH.txt
北京卫视,http://kkk.888.3116598.xyz/api.php?n=tttt&id=bkpkjY&tk=FgM0vQMejxvG,,,,,,,,CCSH.txt
北京卫视,http://kkk.888.3116598.xyz/api.php?n=tttt&id=PdkXdi&tk=FgM0vQMejxvG,,,,,,,,CCSH.txt
北京卫视,https://iptv.catvod.com/live.php?id=%E5%8C%97%E4%BA%AC%E5%8D%AB%E8%A7%86,,,,,,,,CCSH.txt
北京卫视,http://kkk.888.3116598.xyz/api.php?n=tttt&id=WsHTZA&tk=FgM0vQMejxvG,,,,,,,,CCSH.txt
北京卫视,http://kkk.888.3116598.xyz/api.php?n=tttt&id=v0kvH1&tk=FgM0vQMejxvG,,,,,,,,CCSH.txt
北京卫视,http://kkk.888.3116598.xyz/api.php?n=tttt&id=yUi1um&tk=FgM0vQMejxvG,,,,,,,,CCSH.txt
北京卫视,http://kkk.888.3116598.xyz/api.php?n=tttt&id=Jm7bhg&tk=FgM0vQMejxvG,,,,,,,,CCSH.txt
北京卫视,http://kkk.888.3116598.xyz/api.php?n=tttt&id=kTrxmd&tk=FgM0vQMejxvG,,,,,,,,CCSH.txt
北京卫视,http://112.27.235.94:8000/hls/27/index.m3u8,,,,,,,,CCSH.txt
北京卫视,http://120.211.62.180:8000/hls/35/index.m3u8,,,,,,,,CCSH.txt
北京卫视,http://183.11.239.36:808/hls/41/index.m3u8,,,,,,,,CCSH.txt
北京卫视,http://218.3.138.25:1111/tsfile/live/1021_1.m3u8?key=txiptv&playlive=1&authid=0,,,,,,,,CCSH.txt
北京卫视,http://123.129.70.178:9901/tsfile/live/0122_1.m3u8,,,,,,,,CCSH.txt
北京卫视,http://113.15.109.216:59901/tsfile/live/0122_1.m3u8?key=txiptv&playlive=1&authid=0,,,,,,,,CCSH.txt
北京卫视,http://61.136.172.236:9901/tsfile/live/0122_1.m3u8?key=txiptv&playlive=1&authid=0,,,,,,,,CCSH.txt
北京卫视,http://58.57.40.22:9901/tsfile/live/1032_1.m3u8,,,,,,,,CCSH.txt
北京卫视,http://61.156.228.12:8154/tsfile/live/0122_1.m3u8,,,,,,,,CCSH.txt
北京卫视,http://182.150.23.74:808/hls/17/index.m3u8,,,,,,,,CCSH.txt
北京卫视,http://218.3.138.25:1111/tsfile/live/1021_1.m3u8,,,,,,,,CCSH.txt
北京卫视,http://58.17.116.69:9903/tsfile/live/0122_2.m3u8?key=txiptv&playlive=0&authid=0,,,,,,,,CCSH.txt
北京卫视,http://dms.yryyj.site:8188/udp/239.76.246.184:1234,,,,,,,,CCSH.txt
北京卫视,http://123.130.84.106:8154/tsfile/live/0122_1.m3u8?key=txiptv&playlive=1&authid=0,,,,,,,,CCSH.txt
北京卫视,http://123.130.84.106:8154/tsfile/live/0122_1.m3u8,,,,,,,,CCSH.txt
北京卫视,http://111.61.236.247:9081/hls/28/index.m3u8,,,,,,,,CCSH.txt
北京卫视,http://222.134.245.16:9901/tsfile/live/0122_1.m3u8,,,,,,,,CCSH.txt
北京卫视,http://59.39.89.130:60901/tsfile/live/0125_7.m3u8?key=txiptv&playlive=1&authid=0,,,,,,,,CCSH.txt
北京卫视,http://123.129.70.178:9901/tsfile/live/0122_1.m3u8?key=txiptv&playlive=1&authid=0,,,,,,,,CCSH.txt
北京卫视,http://124.116.183.146:9901/tsfile/live/0122_1.m3u8,,,,,,,,CCSH.txt
北京卫视,https://stream1.freetv.fun/d72c92b51bcf39a00530b020cb2e90b28e57622feff7e4915cacde3469c044fd.m3u8,,,,,,,,CCSH.txt
北京卫视,http://223.105.252.8/PLTV/4/224/3221228115/index.m3u8,,,,,,,,CCSH.txt
北京卫视,http://183.215.134.239:19901/tsfile/live/0122_1.m3u8?key=txiptv&playlive=1&authid=0,,,,,,,,CCSH.txt
北京卫视,http://omnix.cn:4000/udp/225.1.8.21:8002,,,,,,,,CCSH.txt
北京卫视,https://stream1.freetv.fun/bei-jing-wei-shi-63.ctv,,,,,,,,CCSH.txt
北京卫视,https://stream1.freetv.fun/bei-jing-wei-shi-28.ctv,,,,,,,,CCSH.txt
北京卫视,http://8.138.7.223/tv/bj.php?id=0001,,,,,,,,CCSH.txt
北京卫视,https://t.freetv.fun/live/bei-jing-wei-shi-1.php,,,,,,,,CCSH.txt
北京卫视,https://t.freetv.fun/live/bei-jing-wei-shi-2.m3u8,,,,,,,,CCSH.txt
北京卫视,https://t.freetv.fun/live/bei-jing-wei-shi-6.m3u8,,,,,,,,CCSH.txt
北京卫视,https://t.freetv.fun/live/bei-jing-wei-shi-7.m3u8,,,,,,,,CCSH.txt
北京卫视,https://t.freetv.fun/live/bei-jing-wei-shi-9.m3u8,,,,,,,,CCSH.txt
北京卫视,https://t.freetv.fun/live/bei-jing-wei-shi.php,,,,,,,,CCSH.txt
北京卫视,https://t.freetv.fun/live/bei-jing-wei-shi-4.m3u8,,,,,,,,CCSH.txt
北京卫视,https://t.freetv.fun/live/bei-jing-wei-shi-3.m3u8,,,,,,,,CCSH.txt
北京卫视,https://t.freetv.fun/live/bei-jing-wei-shi-8.php,,,,,,,,CCSH.txt
北京卫视,https://t.freetv.fun/live/bei-jing-wei-shi-10.m3u8,,,,,,,,CCSH.txt
北京卫视,https://t.freetv.fun/live/bei-jing-wei-shi-14.m3u8,,,,,,,,CCSH.txt
北京卫视,http://go.bkpcp.top/mg/bjws,,,,,,,,CCSH.txt
北京卫视,http://btjg.net:809/hls/43/index.m3u8,,,,,,,,CCSH.txt
北京卫视,http://222.214.208.34:59901/tsfile/live/0122_1.m3u8,,,,,,,,CCSH.txt
北京卫视,http://111.221.137.234:44330/tsfile/live/0138_1.m3u8?key=txiptv&playlive=0&authid=0,,,,,,,,CCSH.txt
北京卫视,http://39.152.103.17:8089/tsfile/live/1034_1.m3u8,,,,,,,,CCSH.txt
北京卫视,http://120.202.94.181:9446/tsfile/live/0122_1.m3u8?key=txiptv&playlive=0&authid=0,,,,,,,,CCSH.txt
北京卫视,http://hlsztemgsplive.miguvideo.com:8080/migu/kailu/bjws/50/20251127/index.m3u8?msisdn=20260103080208e8ff638a7dad4e7a84863859e50abfbd&mdspid=&spid=600697&netType=0&sid=5910022306&pid=2028597139&timestamp=20260103080208&Channel_ID=0116_2600037000-99000-200300220100002&ProgramID=630287636&ParentNodeID=-99&assertID=5910022306&client_ip=218.28.233.106&SecurityKey=20260103080208&promotionId=&mvid=5101042960&mcid=500020&playurlVersion=WX-A1-8.12.2-RELEASE&userid=&jmhm=&videocodec=h264&appCode=miguvideo_android&bean=mgspad&tid=android&conFee=0&encrypt=8d39b79f10a5b6876a1122007239895f&sv=10004&ct=android,,,,,,,,CCSH.txt
北京卫视,http://120.76.248.139/live/bfgd/4200000083.m3u8,,,,,,,,CCSH.txt
北京卫视,http://222.169.85.8:9901/tsfile/live/0017_1.m3u8,,,,,,,,CCSH.txt
北京卫视,http://221.2.148.205:8154/tsfile/live/0122_1.m3u8?key=txiptv&playlive=1&authid=0,,,,,,,,CCSH.txt
北京卫视,https://www.yangshipin.cn/tv/home?pid=600002309,,,,,,,,CCSH.txt
北京卫视,http://223.159.9.168:8099/tsfile/live/0122_1.m3u8?key=txiptv&playlive=0&authid=0,,,,,,,,CCSH.txt
北京卫视,http://nn.7x9d.cn/xzc2.php?ua=TW96aWxsYS81LjAgKFdpbmRvd3MgTlQgNi4xOyBXaW42NDsgeDY0KSBBcHBsZVdlYktpdC81MzcuMzYgKEtIVE1MLCBsaWtlIEdlY2tvKSBDaHJvbWUvMTA2LjAuMC4wIFNhZmFyaS81MzcuMzY=&hls=aHR0cDovL3R2dGoxLmp4d2x0eC5jb206ODAwMy9iandzLm0zdTg=,,,,,,,,CCSH.txt
北京卫视,http://hlsztemgsplive.miguvideo.com:8080/migu/kailu/bjws/50/20251127/index.m3u8?msisdn=20260104040231d1def4fc30794a4a8d168d96874fbf5b&mdspid=&spid=600697&netType=0&sid=5910022306&pid=2028597139&timestamp=20260104040231&Channel_ID=0116_2600037000-99000-200300220100002&ProgramID=630287636&ParentNodeID=-99&assertID=5910022306&client_ip=218.28.233.106&SecurityKey=20260104040231&promotionId=&mvid=5101042960&mcid=500020&playurlVersion=WX-A1-8.12.2-RELEASE&userid=&jmhm=&videocodec=h264&appCode=miguvideo_android&bean=mgspad&tid=android&conFee=0&encrypt=4be124127f6a5235958dda6d187f7276&sv=10004&ct=android,,,,,,,,CCSH.txt
海南卫视,http://ottrrs.hl.chinamobile.com/PLTV/88888888/224/3221226465/index.m3u8,,,,,,,,CCSH.txt
海南卫视,http://ottrrs.hl.chinamobile.com/PLTV/88888888/224/3221225639/index.m3u8,,,,,,,,CCSH.txt
海南卫视,http://ottrrs.hl.chinamobile.com/PLTV/88888888/224/3221226445/index.m3u8,,,,,,,,CCSH.txt
海南卫视,http://39.134.67.108/PLTV/88888888/224/3221226026/1.m3u8,,,,,,,,CCSH.txt
海南卫视,https://stream1.freetv.fun/fb1d0f729749f8b3c605962ba1033c627c55f4dc7c38a5f4a8f65e3ed0d1b814.m3u8,,,,,,,,CCSH.txt
海南卫视,https://migu.188766.xyz/?migutoken=3b44fcf2e5e5a2acaf3c324ce881861c&id=hn_hnws&type=sz,,,,,,,,CCSH.txt
海南卫视,https://iptv.catvod.com/live.php?id=%E6%B5%B7%E5%8D%97%E5%8D%AB%E8%A7%86,,,,,,,,CCSH.txt
海南卫视,https://migu.188766.xyz/?migutoken=5b55e12ae199fcc8ef344d0bbbc006bf&id=%E6%B5%B7%E5%8D%97%E5%8D%AB%E8%A7%86&type=yy,,,,,,,,CCSH.txt
海南卫视,http://kkk.888.3116598.xyz/api.php?n=tttt&id=45a7ux&tk=FgM0vQMejxvG,,,,,,,,CCSH.txt
海南卫视,http://kkk.888.3116598.xyz/api.php?n=tttt&id=U3zBg1&tk=FgM0vQMejxvG,,,,,,,,CCSH.txt
海南卫视,http://kkk.888.3116598.xyz/api.php?n=tttt&id=Pmt4x6&tk=FgM0vQMejxvG,,,,,,,,CCSH.txt
海南卫视,http://kkk.888.3116598.xyz/api.php?n=tttt&id=aPRfdh&tk=FgM0vQMejxvG,,,,,,,,CCSH.txt
海南卫视,http://kkk.888.3116598.xyz/api.php?n=tttt&id=8IlsMR&tk=FgM0vQMejxvG,,,,,,,,CCSH.txt
海南卫视,http://kkk.888.3116598.xyz/api.php?n=tttt&id=D4tFmw&tk=FgM0vQMejxvG,,,,,,,,CCSH.txt
海南卫视,http://111.221.137.234:44330/tsfile/live/0117_1.m3u8?key=txiptv&playlive=0&authid=0,,,,,,,,CCSH.txt
海南卫视,http://27.41.245.32:801/hls/36/index.m3u8,,,,,,,,CCSH.txt
海南卫视,http://183.11.239.36:808/hls/124/index.m3u8,,,,,,,,CCSH.txt
海南卫视,http://112.132.10.54:9901/tsfile/live/1023_1.m3u8,,,,,,,,CCSH.txt
海南卫视,http://58.57.40.22:9901/tsfile/live/1000_1.m3u8,,,,,,,,CCSH.txt
海南卫视,http://dms.yryyj.site:8188/udp/239.76.246.203:1234,,,,,,,,CCSH.txt
海南卫视,https://stream1.freetv.fun/5f566bda63c98eaf917eb753437fd72546c9015a8495c02c3033d4185b2e560d.m3u8,,,,,,,,CCSH.txt
海南卫视,https://www.yangshipin.cn/tv/home?pid=600002506,,,,,,,,CCSH.txt
海南卫视,http://36.32.174.67:60080/newlive/live/hls/46/live.m3u8,,,,,,,,CCSH.txt
海南卫视,https://www.freetv.top/migu/947472502.m3u8?migutoken=b49395c0adad3f977a69d9555b7ec0e60a9f6076a9bd17687472774c39f5e60c68b55ab46fdf0d73b68a871b71b438163c9ae6604499693eb260ed04ebe98df3f12124410b199e0741f3429b11,,,,,,,,CCSH.txt
海南卫视,https://www.freetv.top/migu/947472502.m3u8?migutoken=7837384e48fd26a97f31b5166b88580720ebc21f5e10f392561f571058dda831b33433f9113b41fa03dff482db5244ae83df7b277e82cf7a4651045d113b16c3733999e3c4428166e0995051a4,,,,,,,,CCSH.txt
海南卫视,http://btjg.net:809/hls/61/index.m3u8,,,,,,,,CCSH.txt
海南卫视,https://www.freetv.top/migu/947472502.m3u8?migutoken=61e4fd9bf58ef5793a154534fc3b69a6905900f2133acd6c3fe723e7b4520ad20ebd351ceb44d42a3a09fa5e7e402be1cec3e5c93b1a07ac90681ef873a367d7cb68040b3be9d7873347efa755,,,,,,,,CCSH.txt
海南卫视,http://8.138.7.223/tv/migu3.php?id=hinws,,,,,,,,CCSH.txt
海南卫视,http://sun135790.x3322.net:9901/tsfile/live/16046_1.m3u8?key=txiptv&playlive=1&authid=0,,,,,,,,CCSH.txt
海南卫视,https://migu.188766.xyz/?migutoken=228316523dfe61f23c969dc86c4acf4f&id=hn_hnws&type=sz,,,,,,,,CCSH.txt
海南卫视,http://120.76.248.139/live/bfgd/4200000473.m3u8,,,,,,,,CCSH.txt
海南卫视,http://8.138.7.223/tv/hainan.php?id=hnws,,,,,,,,CCSH.txt
海南卫视,https://t.freetv.fun/live/hai-nan-wei-shi-1.php,,,,,,,,CCSH.txt
海南卫视,https://t.freetv.fun/live/hai-nan-wei-shi-4.m3u8,,,,,,,,CCSH.txt
海南卫视,https://migu.188766.xyz/?migutoken=e7282ed9538e3ea86644f48faa4fd32b&id=hn_hnws&type=sz,,,,,,,,CCSH.txt
海南卫视,https://migu.188766.xyz/?migutoken=d47e92ce114d684a91c11eb8a0d2089f&id=%E6%B5%B7%E5%8D%97%E5%8D%AB%E8%A7%86&type=yy,,,,,,,,CCSH.txt
海南卫视,http://go.bkpcp.top/mg/hinws,,,,,,,,CCSH.txt
海南卫视,http://vapi.91kds.cc/live1/hitv.m3u8?id=lyws&apiKey=e9ed154875a88c5a5998f6f0d3bbcdf0,,,,,,,,CCSH.txt
海南卫视,http://nn.7x9d.cn/地方台8563/海南.php?id=hnws,,,,,,,,CCSH.txt
海南卫视,http://39.152.103.17:8089/tsfile/live/1046_1.m3u8,,,,,,,,CCSH.txt
海南卫视,http://nn.7x9d.cn/地方台8563/海南.php?id=hnws&?key=txiptv,,,,,,,,CCSH.txt
海南卫视,http://hlsztemgsplive.miguvideo.com:8080/envivo_x/SD/lvyou/711/index.m3u8?msisdn=2026010308020929d5c81bc5d94cb2881a451ab0348cc6&mdspid=&spid=600633&netType=0&sid=5910022165&pid=2028597139&timestamp=20260103080209&Channel_ID=0116_2600037000-99000-200300220100002&ProgramID=947472502&ParentNodeID=-99&assertID=5910022165&client_ip=218.28.233.106&SecurityKey=20260103080209&promotionId=&mvid=5900004359&mcid=500020&playurlVersion=WX-A1-8.12.2-RELEASE&userid=&jmhm=&videocodec=h264&appCode=miguvideo_android&bean=mgspad&tid=android&conFee=0&encrypt=b9dac7150166c15050ee895b62ea78ba&sv=10004&ct=android,,,,,,,,CCSH.txt
海南卫视,http://221.2.148.205:8154/tsfile/live/1000_1.m3u8?key=txiptv&playlive=1&authid=0,,,,,,,,CCSH.txt
海南卫视,http://genglei.8866.org:9901/tsfile/live/1026_1.m3u8?key=txiptv&playlive=1&authid=0,,,,,,,,CCSH.txt
海南卫视,https://migu.188766.xyz/?migutoken=70a570a3437f2b18efb68cabd121cec8&id=hn_hnws&type=sz,,,,,,,,CCSH.txt
海南卫视,https://migu.188766.xyz/?migutoken=7664fea30a30f09c9eb868f1e060f125&id=%E6%B5%B7%E5%8D%97%E5%8D%AB%E8%A7%86&type=yy,,,,,,,,CCSH.txt
海南卫视,http://hlsztemgsplive.miguvideo.com:8080/envivo_x/SD/lvyou/711/index.m3u8?msisdn=202601040402320463443371ed492db026cfcb2567d86b&mdspid=&spid=600633&netType=0&sid=5910022165&pid=2028597139&timestamp=20260104040232&Channel_ID=0116_2600037000-99000-200300220100002&ProgramID=947472502&ParentNodeID=-99&assertID=5910022165&client_ip=218.28.233.106&SecurityKey=20260104040232&promotionId=&mvid=5900004359&mcid=500020&playurlVersion=WX-A1-8.12.2-RELEASE&userid=&jmhm=&videocodec=h264&appCode=miguvideo_android&bean=mgspad&tid=android&conFee=0&encrypt=82bda4559500f163bf27e694891b9355&sv=10004&ct=android,,,,,,,,CCSH.txt
海南卫视,http://kkk.888.3116598.xyz/api.php?n=tttt&id=HYUJxA&tk=FgM0vQMejxvG,,,,,,,,CCSH.txt
深圳卫视,http://ottrrs.hl.chinamobile.com/PLTV/88888888/224/3221226313/index.m3u8,,,,,,,,CCSH.txt
深圳卫视,http://ottrrs.hl.chinamobile.com/PLTV/88888888/224/3221226510/index.m3u8,,,,,,,,CCSH.txt
深圳卫视,http://ottrrs.hl.chinamobile.com/PLTV/88888888/224/3221225739/index.m3u8,,,,,,,,CCSH.txt
深圳卫视,http://39.134.67.108/PLTV/88888888/224/3221225943/1.m3u8,,,,,,,,CCSH.txt
深圳卫视,http://38.64.72.148:80/hls/modn/list/4007/playlist.m3u8,,,,,,,,CCSH.txt
深圳卫视,http://kkk.888.3116598.xyz/api.php?n=tttt&id=PBqrPY&tk=FgM0vQMejxvG,,,,,,,,CCSH.txt
深圳卫视,http://kkk.888.3116598.xyz/api.php?n=tttt&id=VbxSnn&tk=FgM0vQMejxvG,,,,,,,,CCSH.txt
深圳卫视,http://kkk.888.3116598.xyz/api.php?n=tttt&id=HKLrU0&tk=FgM0vQMejxvG,,,,,,,,CCSH.txt
深圳卫视,https://iptv.catvod.com/live.php?id=%E6%B7%B1%E5%9C%B3%E5%8D%AB%E8%A7%86,,,,,,,,CCSH.txt
深圳卫视,http://kkk.888.3116598.xyz/api.php?n=tttt&id=WuOjBM&tk=FgM0vQMejxvG,,,,,,,,CCSH.txt
深圳卫视,http://kkk.888.3116598.xyz/api.php?n=tttt&id=ncZXax&tk=FgM0vQMejxvG,,,,,,,,CCSH.txt
深圳卫视,http://112.27.235.94:8000/hls/33/index.m3u8,,,,,,,,CCSH.txt
深圳卫视,http://kkk.888.3116598.xyz/api.php?n=tttt&id=sIEnAH&tk=FgM0vQMejxvG,,,,,,,,CCSH.txt
深圳卫视,http://39.152.103.17:8089/tsfile/live/1049_1.m3u8,,,,,,,,CCSH.txt
深圳卫视,http://111.221.137.234:44330/tsfile/live/1013_1.m3u8?key=txiptv&playlive=0&authid=0,,,,,,,,CCSH.txt
深圳卫视,https://stream1.freetv.fun/c88e71d3caecbd41fcc101d5b8fa25130581f9c7e8341dc5af20b30af6612aff.m3u8,,,,,,,,CCSH.txt
深圳卫视,http://113.15.109.216:59901/tsfile/live/0126_1.m3u8?key=txiptv&playlive=1&authid=0,,,,,,,,CCSH.txt
深圳卫视,http://61.136.172.236:9901/tsfile/live/0126_1.m3u8?key=txiptv&playlive=1&authid=0,,,,,,,,CCSH.txt
深圳卫视,http://153.0.171.163:9901/tsfile/live/0126_1.m3u8?key=txiptv&playlive=1&authid=0,,,,,,,,CCSH.txt
深圳卫视,http://58.57.40.22:9901/tsfile/live/1036_1.m3u8,,,,,,,,CCSH.txt
深圳卫视,http://112.123.243.37:50085/tsfile/live/1000_1.m3u8?key=txiptv&playlive=0&authid=0,,,,,,,,CCSH.txt
深圳卫视,https://stream1.freetv.fun/shen-zhen-wei-shi-80.m3u8,,,,,,,,CCSH.txt
深圳卫视,http://drive.mxmy.net:8888/udp/239.3.1.134:8020,,,,,,,,CCSH.txt
深圳卫视,http://219.145.59.166:8888/tsfile/live/1033_1.m3u8?key=txiptv&playlive=1&authid=0,,,,,,,,CCSH.txt
深圳卫视,http://dms.yryyj.site:8188/udp/239.76.246.188:1234,,,,,,,,CCSH.txt
深圳卫视,http://111.61.236.247:9081/hls/38/index.m3u8,,,,,,,,CCSH.txt
深圳卫视,http://61.136.172.236:9901/tsfile/live/0126_1.m3u8,,,,,,,,CCSH.txt
深圳卫视,http://183.215.134.239:19901/tsfile/live/0126_1.m3u8?key=txiptv&playlive=1&authid=0,,,,,,,,CCSH.txt
深圳卫视,http://124.116.183.146:9901/tsfile/live/0126_1.m3u8,,,,,,,,CCSH.txt
深圳卫视,http://59.39.89.130:60901/tsfile/live/0125_11.m3u8?key=txiptv&playlive=1&authid=0,,,,,,,,CCSH.txt
深圳卫视,https://stream1.freetv.fun/b6f191d152cd68e82619bf81baa62725dd590bca499c810e11b4babbe75cf8d5.m3u8,,,,,,,,CCSH.txt
深圳卫视,http://183.11.239.36:808/hls/45/index.m3u8,,,,,,,,CCSH.txt
深圳卫视,https://www.yangshipin.cn/tv/home?pid=600002481,,,,,,,,CCSH.txt
深圳卫视,http://120.76.248.139/live/bfgd/4200000100.m3u8,,,,,,,,CCSH.txt
深圳卫视,http://222.214.208.34:59901/tsfile/live/0126_1.m3u8,,,,,,,,CCSH.txt
深圳卫视,https://t.freetv.fun/live/shen-zhen-wei-shi-9.php,,,,,,,,CCSH.txt
深圳卫视,https://t.freetv.fun/live/shen-zhen-wei-shi.m3u8,,,,,,,,CCSH.txt
深圳卫视,https://t.freetv.fun/live/shen-zhen-wei-shi-1.m3u8,,,,,,,,CCSH.txt
深圳卫视,https://t.freetv.fun/live/shen-zhen-wei-shi-3.php,,,,,,,,CCSH.txt
深圳卫视,https://t.freetv.fun/live/shen-zhen-wei-shi-5.m3u8,,,,,,,,CCSH.txt
深圳卫视,https://t.freetv.fun/live/shen-zhen-wei-shi-10.php,,,,,,,,CCSH.txt
深圳卫视,https://t.freetv.fun/live/shen-zhen-wei-shi-11.m3u8,,,,,,,,CCSH.txt
深圳卫视,https://t.freetv.fun/live/shen-zhen-wei-shi-13.php,,,,,,,,CCSH.txt
深圳卫视,http://120.202.94.181:9446/tsfile/live/0126_1.m3u8?key=txiptv&playlive=0&authid=0,,,,,,,,CCSH.txt
深圳卫视,http://182.150.23.74:808/hls/20/index.m3u8,,,,,,,,CCSH.txt
深圳卫视,http://221.2.148.205:8154/tsfile/live/0126_1.m3u8?key=txiptv&playlive=1&authid=0,,,,,,,,CCSH.txt
深圳卫视,http://gmxw.7766.org:808/hls/45/index.m3u8,,,,,,,,CCSH.txt
深圳卫视,http://113.26.202.52:1299/tsfile/live/0126_1.m3u8,,,,,,,,CCSH.txt
深圳卫视,http://223.159.9.168:8099/tsfile/live/0126_1.m3u8?key=txiptv&playlive=0&authid=0,,,,,,,,CCSH.txt
深圳卫视,http://genglei.8866.org:9901/tsfile/live/1013_1.m3u8?key=txiptv&playlive=1&authid=0,,,,,,,,CCSH.txt
深圳卫视,http://223.241.247.214:9901/tsfile/live/1012_1.m3u8?key=txiptv&playlive=1&authid=0,,,,,,,,CCSH.txt
深圳卫视,http://hmfs.f3322.net:3388/hls/25/index.m3u8,,,,,,,,CCSH.txt
深圳卫视,http://yncbn.ks-cdn.gitv.tv/gitv_live/G_SHENZHEN-HQ/G_SHENZHEN-HQ.m3u8,,,,,,,,CCSH.txt
南方卫视,http://kkk.888.3116598.xyz/api.php?n=tttt&id=vPfSAx&tk=FgM0vQMejxvG,,,,,,,,CCSH.txt
南方卫视,http://111.221.137.155:44330/tsfile/live/1002_1.m3u8?key=txiptv,,,,,,,,CCSH.txt
厦门卫视,https://stream1.freetv.fun/8a2a9ccafaf754063ce9d89bdb563b7408b96117d9e868780622f631a35ea400.m3u8,,,,,,,,CCSH.txt
厦门卫视,http://183.11.239.36:808/hls/17/index.m3u8,,,,,,,,CCSH.txt
厦门卫视,http://219.146.95.58:59902/tsfile/live/0129_1.m3u8?txiptv,,,,,,,,CCSH.txt
厦门卫视,https://stream1.freetv.fun/aa65dd411565991ace44f9e5934bd018fdd52122e052d471a363b6ee839e1079.m3u8,,,,,,,,CCSH.txt
厦门卫视,http://8.138.7.223/tv/xmtv.php?id=xmws,,,,,,,,CCSH.txt
厦门卫视,https://stream1.freetv.fun/sha-men-wei-shi-25.ctv,,,,,,,,CCSH.txt
厦门卫视,https://t.freetv.fun/live/sha-men-wei-shi-1.php,,,,,,,,CCSH.txt
厦门卫视,https://t.freetv.fun/live/sha-men-wei-shi-2.m3u8,,,,,,,,CCSH.txt
厦门卫视,http://nn.7x9d.cn/xzc2.php?ua=TW96aWxsYS81LjAgKFdpbmRvd3MgTlQgNi4xOyBXaW42NDsgeDY0KSBBcHBsZVdlYktpdC81MzcuMzYgKEtIVE1MLCBsaWtlIEdlY2tvKSBDaHJvbWUvMTA2LjAuMC4wIFNhZmFyaS81MzcuMzY=&hls=aHR0cDovL3R2dGoxLmp4d2x0eC5jb206ODAwMy90andzLm0zdTg=,,,,,,,,CCSH.txt
吉林卫视,http://ottrrs.hl.chinamobile.com/PLTV/88888888/224/3221226397/index.m3u8,,,,,,,,CCSH.txt
吉林卫视,http://ottrrs.hl.chinamobile.com/PLTV/88888888/224/3221226386/index.m3u8,,,,,,,,CCSH.txt
吉林卫视,http://39.134.67.108/PLTV/88888888/224/3221226013/1.m3u8,,,,,,,,CCSH.txt
吉林卫视,http://kkk.jjjj.jiduo.me/api.php?n=tttt&id=3028&tk=23a9aca1f79f,,,,,,,,CCSH.txt
吉林卫视,https://iptv.catvod.com/live.php?id=%E5%90%89%E6%9E%97%E5%8D%AB%E8%A7%86,,,,,,,,CCSH.txt
吉林卫视,https://migu.188766.xyz/?migutoken=7d85cb59223d5b290f38a603ccb9dacb&id=%E5%90%89%E6%9E%97%E5%8D%AB%E8%A7%86&type=yy,,,,,,,,CCSH.txt
吉林卫视,http://kkk.888.3116598.xyz/api.php?n=tttt&id=flXxtP&tk=FgM0vQMejxvG,,,,,,,,CCSH.txt
吉林卫视,http://kkk.888.3116598.xyz/api.php?n=tttt&id=U0HQX5&tk=FgM0vQMejxvG,,,,,,,,CCSH.txt
吉林卫视,http://kkk.888.3116598.xyz/api.php?n=tttt&id=sh6RLU&tk=FgM0vQMejxvG,,,,,,,,CCSH.txt
吉林卫视,http://kkk.888.3116598.xyz/api.php?n=tttt&id=9arezR&tk=FgM0vQMejxvG,,,,,,,,CCSH.txt
吉林卫视,http://kkk.888.3116598.xyz/api.php?n=tttt&id=befb1k&tk=FgM0vQMejxvG,,,,,,,,CCSH.txt
吉林卫视,http://39.152.103.17:8089/tsfile/live/1047_1.m3u8,,,,,,,,CCSH.txt
吉林卫视,http://113.57.93.165:9900/tsfile/live/1007_1.m3u8?key=txiptv&playlive=1&authid=0,,,,,,,,CCSH.txt
吉林卫视,http://drive.mxmy.net:8888/udp/239.3.1.240:8172,,,,,,,,CCSH.txt
吉林卫视,http://kkk.888.3116598.xyz/api.php?n=tttt&id=pwftIV&tk=FgM0vQMejxvG,,,,,,,,CCSH.txt
吉林卫视,http://61.156.228.12:8154/tsfile/live/0116_1.m3u8,,,,,,,,CCSH.txt
吉林卫视,http://61.136.172.236:9901/tsfile/live/0116_1.m3u8,,,,,,,,CCSH.txt
吉林卫视,http://58.57.40.22:9901/tsfile/live/1050_1.m3u8,,,,,,,,CCSH.txt
吉林卫视,http://113.15.109.216:59901/tsfile/live/0116_1.m3u8?key=txiptv&playlive=1&authid=0,,,,,,,,CCSH.txt
吉林卫视,http://182.150.23.74:808/hls/35/index.m3u8,,,,,,,,CCSH.txt
吉林卫视,http://123.130.84.106:8154/tsfile/live/0116_1.m3u8,,,,,,,,CCSH.txt
吉林卫视,https://stream1.freetv.fun/c8a8b8a24ab802c58f26f0520dc40cf341fbd5811ce1ae9327f2c63e26e8fc28.m3u8,,,,,,,,CCSH.txt
吉林卫视,https://stream1.freetv.fun/0b38bb4f01acb16ac008904877df1eac2eac8bc17ab45e48e9d024a6c4e33ca4.m3u8,,,,,,,,CCSH.txt
吉林卫视,http://123.130.84.106:8154/tsfile/live/0116_1.m3u8?key=txiptv&playlive=1&authid=0,,,,,,,,CCSH.txt
吉林卫视,https://www.freetv.top/migu/947472500.m3u8?migutoken=250e0383e8b670fa08b2f4aa78646ab4e9e4735bed1322cea2c819836d2dadd00594d11d905be0e507f1b6ad9c856bff9f88ecb37c73574cc468f3487c6f0a09e3d08567a7abfc02dad5cf14b7,,,,,,,,CCSH.txt
吉林卫视,http://111.61.236.247:9081/hls/45/index.m3u8,,,,,,,,CCSH.txt
吉林卫视,http://59.39.89.130:60901/tsfile/live/0125_19.m3u8?key=txiptv&playlive=1&authid=0,,,,,,,,CCSH.txt
吉林卫视,https://www.freetv.top/migu/947472500.m3u8?migutoken=a292c218f577586de197c309c2802e2876a0c4d88876e3c12af01684483503dd1c1a3e2137ff3bfffa8d3dc6b0d8e5b95ad98934693c2ffcc05ef7f5b37e8237aa9691b4fcb6ce0268d42fde1d,,,,,,,,CCSH.txt
吉林卫视,https://stream1.freetv.fun/cab614f8ebae9e3910ad7ae7906cd9744026a241d109d19cb2f3317f5ce84e56.m3u8,,,,,,,,CCSH.txt
吉林卫视,http://113.57.93.165:9900/tsfile/live/1007_1.m3u8,,,,,,,,CCSH.txt
吉林卫视,http://btjg.net:809/hls/38/index.m3u8,,,,,,,,CCSH.txt
吉林卫视,http://183.11.239.36:808/hls/10/index.m3u8,,,,,,,,CCSH.txt
吉林卫视,http://61.136.172.236:9901/tsfile/live/0116_1.m3u8?key=txiptv&playlive=1&authid=0,,,,,,,,CCSH.txt
吉林卫视,http://120.76.248.139/live/bfgd/4200000097.m3u8,,,,,,,,CCSH.txt
吉林卫视,http://8.138.7.223/tv/migu3.php?id=jlws,,,,,,,,CCSH.txt
吉林卫视,https://t.freetv.fun/live/ji-lin-wei-shi-4.m3u8,,,,,,,,CCSH.txt
吉林卫视,https://t.freetv.fun/live/ji-lin-wei-shi-34.m3u8,,,,,,,,CCSH.txt
吉林卫视,https://t.freetv.fun/live/ji-lin-wei-shi-2.php,,,,,,,,CCSH.txt
吉林卫视,https://t.freetv.fun/live/ji-lin-wei-shi-3.php,,,,,,,,CCSH.txt
吉林卫视,https://t.freetv.fun/live/ji-lin-wei-shi-5.php,,,,,,,,CCSH.txt
吉林卫视,https://t.freetv.fun/live/ji-lin-wei-shi-7.m3u8,,,,,,,,CCSH.txt
吉林卫视,https://migu.188766.xyz/?migutoken=5dca455deadf4fdeae5885c1b5adf1f0&id=%E5%90%89%E6%9E%97%E5%8D%AB%E8%A7%86&type=yy,,,,,,,,CCSH.txt
吉林卫视,http://153.0.171.163:9901/tsfile/live/0116_1.m3u8?key=txiptv&playlive=1&authid=0,,,,,,,,CCSH.txt
吉林卫视,http://hlsztemgsplive.miguvideo.com:8080/envivo_v/2018/SD/jilin/1000/index.m3u8?msisdn=20260103080209b1c0525279dd4019a59e241f025fcec8&mdspid=&spid=600633&netType=0&sid=5910022164&pid=2028597139&timestamp=20260103080209&Channel_ID=0116_2600037000-99000-200300220100002&ProgramID=947472500&ParentNodeID=-99&assertID=5910022164&client_ip=218.28.233.106&SecurityKey=20260103080209&promotionId=&mvid=5900004357&mcid=500020&playurlVersion=WX-A1-8.12.2-RELEASE&userid=&jmhm=&videocodec=h264&appCode=miguvideo_android&bean=mgspad&tid=android&conFee=0&encrypt=567e02a91d82bb5eee4d206c06fb945e&sv=10004&ct=android,,,,,,,,CCSH.txt
吉林卫视,http://dbiptv.sn.chinamobile.com/PLTV/88888890/224/3221225792/index.m3u8,,,,,,,,CCSH.txt
吉林卫视,http://223.159.9.168:8099/tsfile/live/0116_1.m3u8?key=txiptv&playlive=0&authid=0,,,,,,,,CCSH.txt
吉林卫视,http://nn.7x9d.cn/xzc2.php?ua=TW96aWxsYS81LjAgKFdpbmRvd3MgTlQgNi4xOyBXaW42NDsgeDY0KSBBcHBsZVdlYktpdC81MzcuMzYgKEtIVE1MLCBsaWtlIEdlY2tvKSBDaHJvbWUvMTA2LjAuMC4wIFNhZmFyaS81MzcuMzY=&hls=aHR0cDovL3R2dGoxLmp4d2x0eC5jb206ODAwMy9qbHdzLm0zdTg=,,,,,,,,CCSH.txt
吉林卫视,https://migu.188766.xyz/?migutoken=8c46445da3bc651a4bf1150c685be614&id=%E5%90%89%E6%9E%97%E5%8D%AB%E8%A7%86&type=yy,,,,,,,,CCSH.txt
吉林卫视,http://hlsztemgsplive.miguvideo.com:8080/envivo_v/2018/SD/jilin/1000/index.m3u8?msisdn=20260104040232bba24e96ab384410b69af0d79bfad8e8&mdspid=&spid=600633&netType=0&sid=5910022164&pid=2028597139&timestamp=20260104040232&Channel_ID=0116_2600037000-99000-200300220100002&ProgramID=947472500&ParentNodeID=-99&assertID=5910022164&client_ip=218.28.233.106&SecurityKey=20260104040232&promotionId=&mvid=5900004357&mcid=500020&playurlVersion=WX-A1-8.12.2-RELEASE&userid=&jmhm=&videocodec=h264&appCode=miguvideo_android&bean=mgspad&tid=android&conFee=0&encrypt=a1a9f4a3bd7c56e5389a2220d0ae2add&sv=10004&ct=android,,,,,,,,CCSH.txt
四川卫视,http://ottrrs.hl.chinamobile.com/PLTV/88888888/224/3221226338/index.m3u8,,,,,,,,CCSH.txt
四川卫视,http://ottrrs.hl.chinamobile.com/PLTV/88888888/224/3221226513/index.m3u8,,,,,,,,CCSH.txt
四川卫视,http://39.134.67.108/PLTV/88888888/224/3221225970/1.m3u8,,,,,,,,CCSH.txt
四川卫视,https://iptv.catvod.com/live.php?id=%E5%9B%9B%E5%B7%9D%E5%8D%AB%E8%A7%86,,,,,,,,CCSH.txt
四川卫视,https://www.yangshipin.cn/tv/home?pid=600002516,,,,,,,,CCSH.txt
四川卫视,https://iptv.catvod.com/live.php?id=%E5%9B%9B%E5%B7%9D%E5%8D%AB%E8%A7%86%E5%8F%B0,,,,,,,,CCSH.txt
四川卫视,http://kkk.888.3116598.xyz/api.php?n=tttt&id=1Qbza4&tk=FgM0vQMejxvG,,,,,,,,CCSH.txt
四川卫视,http://kkk.888.3116598.xyz/api.php?n=tttt&id=o5UmsX&tk=FgM0vQMejxvG,,,,,,,,CCSH.txt
四川卫视,http://kkk.888.3116598.xyz/api.php?n=tttt&id=WteRvK&tk=FgM0vQMejxvG,,,,,,,,CCSH.txt
四川卫视,http://kkk.888.3116598.xyz/api.php?n=tttt&id=ON62Cd&tk=FgM0vQMejxvG,,,,,,,,CCSH.txt
四川卫视,https://stream1.freetv.fun/b8ce0029eb6a2eb158319b3b735397835baa258b31e06e356be8f43bedcf32ce.m3u8,,,,,,,,CCSH.txt
四川卫视,http://112.27.235.94:8000/hls/35/index.m3u8,,,,,,,,CCSH.txt
四川卫视,http://183.222.242.31:8088/hls/17/index.m3u8,,,,,,,,CCSH.txt
四川卫视,http://111.221.137.234:44330/tsfile/live/0137_2.m3u8?key=txiptv&playlive=0&authid=0,,,,,,,,CCSH.txt
四川卫视,http://61.156.228.12:8154/tsfile/live/0123_1.m3u8,,,,,,,,CCSH.txt
四川卫视,http://39.152.103.17:8089/tsfile/live/1044_1.m3u8,,,,,,,,CCSH.txt
四川卫视,http://111.61.236.247:9081/hls/35/index.m3u8,,,,,,,,CCSH.txt
四川卫视,http://61.136.172.236:9901/tsfile/live/0123_1.m3u8?key=txiptv&playlive=1&authid=0,,,,,,,,CCSH.txt
四川卫视,http://113.15.109.216:59901/tsfile/live/0123_1.m3u8?key=txiptv&playlive=1&authid=0,,,,,,,,CCSH.txt
四川卫视,http://58.57.40.22:9901/tsfile/live/1046_1.m3u8,,,,,,,,CCSH.txt
四川卫视,http://182.150.23.74:808/hls/38/index.m3u8,,,,,,,,CCSH.txt
四川卫视,https://stream1.freetv.fun/d98c7f303ea63c074b5a81788a7924c793425bcbb6a904b9b9e8e9355fb3db67.m3u8,,,,,,,,CCSH.txt
四川卫视,http://58.17.116.69:9903/tsfile/live/0123_2.m3u8?key=txiptv&playlive=0&authid=0,,,,,,,,CCSH.txt
四川卫视,http://61.136.172.236:9901/tsfile/live/0123_1.m3u8,,,,,,,,CCSH.txt
四川卫视,http://222.169.85.8:9901/tsfile/live/0123_1.m3u8?key=txiptv&playlive=1&authid=0,,,,,,,,CCSH.txt
四川卫视,http://123.130.84.106:8154/tsfile/live/0123_1.m3u8,,,,,,,,CCSH.txt
四川卫视,http://222.134.245.16:9901/tsfile/live/0123_1.m3u8,,,,,,,,CCSH.txt
四川卫视,http://123.130.84.106:8154/tsfile/live/0123_1.m3u8?key=txiptv&playlive=1&authid=0,,,,,,,,CCSH.txt
四川卫视,http://124.116.183.146:9901/tsfile/live/0123_1.m3u8,,,,,,,,CCSH.txt
四川卫视,http://222.169.85.8:9901/tsfile/live/0123_1.m3u8,,,,,,,,CCSH.txt
四川卫视,http://59.39.89.130:60901/tsfile/live/0125_16.m3u8?key=txiptv&playlive=1&authid=0,,,,,,,,CCSH.txt
四川卫视,https://stream1.freetv.fun/4d012cc6d0cf9ec1b6101aa7351bb3b038d5a231ef437f62ea6908ff02667ffb.ctv,,,,,,,,CCSH.txt
四川卫视,http://223.105.252.8/PLTV/4/224/3221228171/index.m3u8,,,,,,,,CCSH.txt
四川卫视,http://183.11.239.36:808/hls/50/index.m3u8,,,,,,,,CCSH.txt
四川卫视,http://120.238.94.10:9901/tsfile/live/1058_1.m3u8,,,,,,,,CCSH.txt
四川卫视,https://t.freetv.fun/live/si-chuan-wei-shi-2.php,,,,,,,,CCSH.txt
四川卫视,https://t.freetv.fun/live/si-chuan-wei-shi-6.php,,,,,,,,CCSH.txt
四川卫视,https://t.freetv.fun/live/si-chuan-wei-shi-1.php,,,,,,,,CCSH.txt
四川卫视,https://t.freetv.fun/live/si-chuan-wei-shi-3.php,,,,,,,,CCSH.txt
四川卫视,https://t.freetv.fun/live/si-chuan-wei-shi-5.php,,,,,,,,CCSH.txt
四川卫视,https://t.freetv.fun/live/si-chuan-wei-shi-7.m3u8,,,,,,,,CCSH.txt
四川卫视,https://t.freetv.fun/live/si-chuan-wei-shi-12.php,,,,,,,,CCSH.txt
四川卫视,http://sun135790.x3322.net:9901/tsfile/live/16040_1.m3u8?key=txiptv&playlive=1&authid=0,,,,,,,,CCSH.txt
四川卫视,http://120.76.248.139/live/bfgd/4200000103.m3u8,,,,,,,,CCSH.txt
四川卫视,http://btjg.net:809/hls/48/index.m3u8,,,,,,,,CCSH.txt
四川卫视,http://60.16.0.216:5757/hls/30/index.m3u8,,,,,,,,CCSH.txt
四川卫视,http://223.159.9.168:8099/tsfile/live/0123_1.m3u8?key=txiptv&playlive=0&authid=0,,,,,,,,CCSH.txt
四川卫视,http://nn.7x9d.cn/xzc2.php?ua=TW96aWxsYS81LjAgKFdpbmRvd3MgTlQgNi4xOyBXaW42NDsgeDY0KSBBcHBsZVdlYktpdC81MzcuMzYgKEtIVE1MLCBsaWtlIEdlY2tvKSBDaHJvbWUvMTA2LjAuMC4wIFNhZmFyaS81MzcuMzY=&hls=aHR0cDovL3R2dGoxLmp4d2x0eC5jb206ODAwMy9zY3dzLm0zdTg=,,,,,,,,CCSH.txt
四川卫视,http://kkk.888.3116598.xyz/api.php?n=tttt&id=V6DP9L&tk=FgM0vQMejxvG,,,,,,,,CCSH.txt
天津卫视,http://ottrrs.hl.chinamobile.com/PLTV/88888888/224/3221226459/index.m3u8,,,,,,,,CCSH.txt
天津卫视,http://ottrrs.hl.chinamobile.com/PLTV/88888888/224/3221226395/index.m3u8,,,,,,,,CCSH.txt
天津卫视,http://ottrrs.hl.chinamobile.com/PLTV/88888888/224/3221225740/index.m3u8,,,,,,,,CCSH.txt
天津卫视,http://39.134.67.108/PLTV/88888888/224/3221225972/1.m3u8,,,,,,,,CCSH.txt
天津卫视,http://kkk.888.3116598.xyz/api.php?n=tttt&id=LrJui7&tk=FgM0vQMejxvG,,,,,,,,CCSH.txt
天津卫视,http://kkk.888.3116598.xyz/api.php?n=tttt&id=K2kosY&tk=FgM0vQMejxvG,,,,,,,,CCSH.txt
天津卫视,http://kkk.888.3116598.xyz/api.php?n=tttt&id=B15m1u&tk=FgM0vQMejxvG,,,,,,,,CCSH.txt
天津卫视,http://kkk.888.3116598.xyz/api.php?n=tttt&id=FFsPYV&tk=FgM0vQMejxvG,,,,,,,,CCSH.txt
天津卫视,http://kkk.888.3116598.xyz/api.php?n=tttt&id=SF66Ja&tk=FgM0vQMejxvG,,,,,,,,CCSH.txt
天津卫视,https://stream1.freetv.fun/b3eb13b745703627bd6e4f9a0864000c04f07d77719a4f9bc6f0aa0d5c370410.m3u8,,,,,,,,CCSH.txt
天津卫视,https://iptv.catvod.com/live.php?id=%E5%A4%A9%E6%B4%A5%E5%8D%AB%E8%A7%86,,,,,,,,CCSH.txt
天津卫视,http://112.27.235.94:8000/hls/42/index.m3u8,,,,,,,,CCSH.txt
天津卫视,http://120.211.62.180:8000/hls/36/index.m3u8,,,,,,,,CCSH.txt
天津卫视,http://111.221.137.155:44330/tsfile/live/0132_2.m3u8?key=txiptv,,,,,,,,CCSH.txt
天津卫视,http://111.221.137.234:44330/tsfile/live/0132_1.m3u8?key=txiptv&playlive=0&authid=0,,,,,,,,CCSH.txt
天津卫视,https://stream1.freetv.fun/0d3a11ab7b1579bed59253d1fda80783bd3d15b047c0f9336517bdc5d84d8e66.m3u8,,,,,,,,CCSH.txt
天津卫视,http://123.129.70.178:9901/tsfile/live/0135_1.m3u8?key=txiptv&playlive=1&authid=0,,,,,,,,CCSH.txt
天津卫视,http://60.16.0.216:5757/hls/34/index.m3u8,,,,,,,,CCSH.txt
天津卫视,http://113.15.109.216:59901/tsfile/live/0135_1.m3u8?key=txiptv&playlive=1&authid=0,,,,,,,,CCSH.txt
天津卫视,http://drive.mxmy.net:8888/udp/239.3.1.141:1234,,,,,,,,CCSH.txt
天津卫视,http://dms.yryyj.site:8188/udp/239.76.246.185:1234,,,,,,,,CCSH.txt
天津卫视,http://123.129.70.178:9901/tsfile/live/0135_1.m3u8,,,,,,,,CCSH.txt
天津卫视,http://58.57.40.22:9901/tsfile/live/1034_1.m3u8,,,,,,,,CCSH.txt
天津卫视,http://111.61.236.247:9081/hls/29/index.m3u8,,,,,,,,CCSH.txt
天津卫视,http://123.130.84.106:8154/tsfile/live/0135_1.m3u8,,,,,,,,CCSH.txt
天津卫视,http://222.169.85.8:9901/tsfile/live/0135_1.m3u8,,,,,,,,CCSH.txt
天津卫视,http://123.130.84.106:8154/tsfile/live/0135_1.m3u8?key=txiptv&playlive=1&authid=0,,,,,,,,CCSH.txt
天津卫视,https://stream1.freetv.fun/be0acdbb3974c65866118e7d81c8153d45267dc0802796ce4b6161a8a24afd2c.m3u8,,,,,,,,CCSH.txt
天津卫视,http://124.116.183.146:9901/tsfile/live/0135_1.m3u8,,,,,,,,CCSH.txt
天津卫视,http://btjg.net:809/hls/46/index.m3u8,,,,,,,,CCSH.txt
天津卫视,http://183.11.239.36:808/hls/42/index.m3u8,,,,,,,,CCSH.txt
天津卫视,http://gfr.x3322.net:9901/tsfile/live/1090_1.m3u8,,,,,,,,CCSH.txt
天津卫视,http://61.156.228.12:8154/tsfile/live/0135_1.m3u8,,,,,,,,CCSH.txt
天津卫视,http://182.150.23.74:808/hls/27/index.m3u8,,,,,,,,CCSH.txt
天津卫视,http://61.136.172.236:9901/tsfile/live/0135_1.m3u8,,,,,,,,CCSH.txt
天津卫视,http://61.136.172.236:9901/tsfile/live/0135_1.m3u8?key=txiptv&playlive=1&authid=0,,,,,,,,CCSH.txt
天津卫视,https://t.freetv.fun/live/tian-jin-wei-shi-3.php,,,,,,,,CCSH.txt
天津卫视,https://t.freetv.fun/live/tian-jin-wei-shi-1.m3u8,,,,,,,,CCSH.txt
天津卫视,https://t.freetv.fun/live/tian-jin-wei-shi.m3u8,,,,,,,,CCSH.txt
天津卫视,http://39.152.103.17:8089/tsfile/live/1035_1.m3u8,,,,,,,,CCSH.txt
天津卫视,http://153.0.171.163:9901/tsfile/live/0135_1.m3u8?key=txiptv&playlive=1&authid=0,,,,,,,,CCSH.txt
天津卫视,http://223.159.9.168:8099/tsfile/live/0135_1.m3u8?key=txiptv&playlive=0&authid=0,,,,,,,,CCSH.txt
天津卫视,http://61.156.228.12:8154/tsfile/live/0135_1.m3u8?key=txiptv&playlive=1&authid=0,,,,,,,,CCSH.txt
天津卫视,http://kkk.888.3116598.xyz/api.php?n=tttt&id=weLe8D&tk=FgM0vQMejxvG,,,,,,,,CCSH.txt
宁夏卫视,http://ottrrs.hl.chinamobile.com/PLTV/88888888/224/3221225632/index.m3u8,,,,,,,,CCSH.txt
宁夏卫视,http://ottrrs.hl.chinamobile.com/PLTV/88888888/224/3221226454/index.m3u8,,,,,,,,CCSH.txt
宁夏卫视,https://stream1.freetv.fun/21776b4116610b5cff3172a0d0197ecdd3c4563ca73dc64027a928f1ae2771e8.m3u8,,,,,,,,CCSH.txt
宁夏卫视,https://iptv.catvod.com/live.php?id=%E5%AE%81%E5%A4%8F%E5%8D%AB%E8%A7%86,,,,,,,,CCSH.txt
宁夏卫视,http://kkk.888.3116598.xyz/api.php?n=tttt&id=gf0aZT&tk=FgM0vQMejxvG,,,,,,,,CCSH.txt
宁夏卫视,http://kkk.888.3116598.xyz/api.php?n=tttt&id=4W04hy&tk=FgM0vQMejxvG,,,,,,,,CCSH.txt
宁夏卫视,http://kkk.888.3116598.xyz/api.php?n=tttt&id=coGi0f&tk=FgM0vQMejxvG,,,,,,,,CCSH.txt
宁夏卫视,http://kkk.888.3116598.xyz/api.php?n=tttt&id=G9Hk5O&tk=FgM0vQMejxvG,,,,,,,,CCSH.txt
宁夏卫视,https://stream1.freetv.fun/9da9d86dd9a71ab4526a2165e888246611ce4172aad35eb960f1eafaeec30f90.m3u8,,,,,,,,CCSH.txt
宁夏卫视,https://stream1.freetv.fun/6ea01271e67dd0f466bb5612f9a657cc251714f39d3155863d07ad6991512535.m3u8,,,,,,,,CCSH.txt
宁夏卫视,http://kkk.jjjj.jiduo.me/api.php?n=tttt&id=7648&tk=a0c4f6cfaba3,,,,,,,,CCSH.txt
宁夏卫视,https://stream1.freetv.fun/604a89d5b8435495121df16f5f0cb8f8322c7f8218c19d9cb30c23a18a902cdc.m3u8,,,,,,,,CCSH.txt
宁夏卫视,https://stream1.freetv.fun/cc16a0fe49219a8e892e4ac0a89d626d09f0c5af7cd94198648427aca9719943.m3u8,,,,,,,,CCSH.txt
宁夏卫视,http://183.11.239.36:808/hls/106/index.m3u8,,,,,,,,CCSH.txt
宁夏卫视,https://stream1.freetv.fun/zhu-xia-wei-shi-59.m3u8,,,,,,,,CCSH.txt
宁夏卫视,https://stream1.freetv.fun/db1a85e39841fd048eb88e1cf2b7d31072a4fb570cc8a723409dff45d4f482b7.m3u8,,,,,,,,CCSH.txt
宁夏卫视,http://111.61.236.247:9081/hls/51/index.m3u8,,,,,,,,CCSH.txt
宁夏卫视,https://stream1.freetv.fun/9dfcd15da42ab880c3f6eb7bcc68ba6e7b9b8ee5978f0549d2dfd881658ee498.m3u8,,,,,,,,CCSH.txt
宁夏卫视,http://58.57.40.22:9901/tsfile/live/1054_1.m3u8,,,,,,,,CCSH.txt
宁夏卫视,https://stream1.freetv.fun/8ae71558d492ac43ed16dd0b77a95c7c5a8e5b4d435b3c35bc4adc0048b7d33c.m3u8,,,,,,,,CCSH.txt
宁夏卫视,https://stream1.freetv.fun/53a19b4d7f728a661b149caf3de83d5662e7273c497933176191030bea3e4a70.m3u8,,,,,,,,CCSH.txt
宁夏卫视,http://36.32.174.67:60080/newlive/live/hls/49/live.m3u8,,,,,,,,CCSH.txt
宁夏卫视,http://120.76.248.139/live/bfgd/4200000118.m3u8,,,,,,,,CCSH.txt
宁夏卫视,http://btjg.net:809/hls/51/index.m3u8,,,,,,,,CCSH.txt
宁夏卫视,https://stream1.freetv.fun/zhu-xia-wei-shi-21.m3u8,,,,,,,,CCSH.txt
宁夏卫视,http://113.15.109.216:59901/tsfile/live/0112_1.m3u8?key=txiptv&playlive=1&authid=0,,,,,,,,CCSH.txt
宁夏卫视,http://113.25.252.226:9901/tsfile/live/1046_1.m3u8?key=txiptv&playlive=1&authid=0,,,,,,,,CCSH.txt
宁夏卫视,https://stream1.freetv.fun/4d06b500d20fc47c06f0194370b45d2759f6e017e59b1f1f2c2cdbfef8436e63.m3u8,,,,,,,,CCSH.txt
宁夏卫视,http://120.238.94.10:9901/tsfile/live/1076_1.m3u8,,,,,,,,CCSH.txt
宁夏卫视,http://cssbyd.imwork.net:8082/hls/45/index.m3u8,,,,,,,,CCSH.txt
宁夏卫视,https://t.freetv.fun/live/zhu-xia-wei-shi-6.php,,,,,,,,CCSH.txt
宁夏卫视,https://t.freetv.fun/live/zhu-xia-wei-shi-3.m3u8,,,,,,,,CCSH.txt
宁夏卫视,https://t.freetv.fun/live/zhu-xia-wei-shi-5.m3u8,,,,,,,,CCSH.txt
宁夏卫视,https://t.freetv.fun/live/zhu-xia-wei-shi-1.php,,,,,,,,CCSH.txt
宁夏卫视,http://hlsztemgsplive.miguvideo.com:8080/envivo_x/2018/SD/ningxia/1000/index.m3u8?msisdn=20260103060205a5a2820ab4f54db48d77057fbb59e0eb&mdspid=&spid=600697&netType=0&sid=5910022262&pid=2028597139&timestamp=20260103060205&Channel_ID=0116_2600037000-99000-200300220100002&ProgramID=738910535&ParentNodeID=-99&assertID=5910022262&client_ip=218.28.233.106&SecurityKey=20260103060205&promotionId=&mvid=5900004337&mcid=500020&playurlVersion=WX-A1-8.12.2-RELEASE&userid=&jmhm=&videocodec=h264&appCode=miguvideo_android&bean=mgspad&tid=android&conFee=0&encrypt=3cd0138e7eb37630688e89867bc3a12c&sv=10004&ct=android,,,,,,,,CCSH.txt
宁夏卫视,http://nn.7x9d.cn/xzc2.php?ua=TW96aWxsYS81LjAgKFdpbmRvd3MgTlQgNi4xOyBXaW42NDsgeDY0KSBBcHBsZVdlYktpdC81MzcuMzYgKEtIVE1MLCBsaWtlIEdlY2tvKSBDaHJvbWUvMTA2LjAuMC4wIFNhZmFyaS81MzcuMzY=&hls=aHR0cDovL3R2dGoxLmp4d2x0eC5jb206ODAwMy9saW54d3MubTN1OA==,,,,,,,,CCSH.txt
宁夏卫视,http://hlsztemgsplive.miguvideo.com:8080/envivo_x/2018/SD/ningxia/1000/index.m3u8?msisdn=202601040202233d6182f673c34cddba42ad64b96d407a&mdspid=&spid=600697&netType=0&sid=5910022262&pid=2028597139&timestamp=20260104020223&Channel_ID=0116_2600037000-99000-200300220100002&ProgramID=738910535&ParentNodeID=-99&assertID=5910022262&client_ip=218.28.233.106&SecurityKey=20260104020223&promotionId=&mvid=5900004337&mcid=500020&playurlVersion=WX-A1-8.12.2-RELEASE&userid=&jmhm=&videocodec=h264&appCode=miguvideo_android&bean=mgspad&tid=android&conFee=0&encrypt=ebff1a4d45e21cd87cdd578262917605&sv=10004&ct=android,,,,,,,,CCSH.txt
山东卫视,http://ottrrs.hl.chinamobile.com/PLTV/88888888/224/3221226456/index.m3u8,,,,,,,,CCSH.txt
山东卫视,http://ottrrs.hl.chinamobile.com/PLTV/88888888/224/3221226507/index.m3u8,,,,,,,,CCSH.txt
山东卫视,http://39.134.67.108/PLTV/88888888/224/3221225952/1.m3u8,,,,,,,,CCSH.txt
山东卫视,http://39.134.65.141/PLTV/88888888/224/3221225952/1.m3u8,,,,,,,,CCSH.txt
山东卫视,http://kkk.888.3116598.xyz/api.php?n=tttt&id=T1n8de&tk=FgM0vQMejxvG,,,,,,,,CCSH.txt
山东卫视,http://kkk.888.3116598.xyz/api.php?n=tttt&id=OZ1Ham&tk=FgM0vQMejxvG,,,,,,,,CCSH.txt
山东卫视,http://kkk.888.3116598.xyz/api.php?n=tttt&id=lcrRV0&tk=FgM0vQMejxvG,,,,,,,,CCSH.txt
山东卫视,http://kkk.888.3116598.xyz/api.php?n=tttt&id=3Ios8Z&tk=FgM0vQMejxvG,,,,,,,,CCSH.txt
山东卫视,http://kkk.888.3116598.xyz/api.php?n=tttt&id=cTuYcy&tk=FgM0vQMejxvG,,,,,,,,CCSH.txt
山东卫视,http://kkk.888.3116598.xyz/api.php?n=tttt&id=TDnxiK&tk=FgM0vQMejxvG,,,,,,,,CCSH.txt
山东卫视,https://iptv.catvod.com/live.php?id=%E5%B1%B1%E4%B8%9C%E5%8D%AB%E8%A7%86,,,,,,,,CCSH.txt
山东卫视,https://stream1.freetv.fun/5b3f8b55c9ab9a236c5a900671932cbf4e8483a632e066e57ea7436c63bbe588.m3u8,,,,,,,,CCSH.txt
山东卫视,http://112.27.235.94:8000/hls/34/index.m3u8,,,,,,,,CCSH.txt
山东卫视,http://120.211.62.180:8000/hls/38/index.m3u8,,,,,,,,CCSH.txt
山东卫视,http://111.221.137.234:44330/tsfile/live/0121_1.m3u8?key=txiptv&playlive=0&authid=0,,,,,,,,CCSH.txt
山东卫视,http://112.123.243.37:50085/tsfile/live/0122_1.m3u8?key=txiptv&playlive=0&authid=0,,,,,,,,CCSH.txt
山东卫视,http://61.136.172.236:9901/tsfile/live/0131_1.m3u8,,,,,,,,CCSH.txt
山东卫视,http://113.15.109.216:59901/tsfile/live/0131_1.m3u8?key=txiptv&playlive=1&authid=0,,,,,,,,CCSH.txt
山东卫视,http://182.150.23.74:808/hls/23/index.m3u8,,,,,,,,CCSH.txt
山东卫视,http://58.17.116.69:9903/tsfile/live/0131_2.m3u8?key=txiptv&playlive=0&authid=0,,,,,,,,CCSH.txt
山东卫视,http://61.136.172.236:9901/tsfile/live/0131_1.m3u8?key=txiptv&playlive=1&authid=0,,,,,,,,CCSH.txt
山东卫视,http://123.130.84.106:8154/tsfile/live/0131_1.m3u8,,,,,,,,CCSH.txt
山东卫视,http://drive.mxmy.net:8888/udp/239.3.1.209:8052,,,,,,,,CCSH.txt
山东卫视,http://123.130.84.106:8154/tsfile/live/0131_1.m3u8?key=txiptv&playlive=1&authid=0,,,,,,,,CCSH.txt
山东卫视,http://111.61.236.247:9081/hls/31/index.m3u8,,,,,,,,CCSH.txt
山东卫视,http://36.32.174.67:60080/newlive/live/hls/42/live.m3u8,,,,,,,,CCSH.txt
山东卫视,https://stream1.freetv.fun/24c31af25ba4edecf548069f91fd10e3a708c891e9755574d9d3e85f05a6cec7.m3u8,,,,,,,,CCSH.txt
山东卫视,http://36.36.200.198:44330/tsfile/live/0131_1.m3u8?key=txiptv&playlive=0&authid=0,,,,,,,,CCSH.txt
山东卫视,https://www.yangshipin.cn/tv/home?pid=600002513,,,,,,,,CCSH.txt
山东卫视,http://dms.yryyj.site:8188/udp/239.76.246.195:1234,,,,,,,,CCSH.txt
山东卫视,http://223.105.252.8/PLTV/4/224/3221227448/index.m3u8,,,,,,,,CCSH.txt
山东卫视,http://61.156.228.12:8154/tsfile/live/0131_1.m3u8,,,,,,,,CCSH.txt
山东卫视,http://8.138.7.223/tv/migu3.php?id=sdws,,,,,,,,CCSH.txt
山东卫视,http://120.76.248.139/live/bfgd/4200000099.m3u8,,,,,,,,CCSH.txt
山东卫视,http://go.bkpcp.top/mg/sdws,,,,,,,,CCSH.txt
山东卫视,http://183.11.239.36:808/hls/43/index.m3u8,,,,,,,,CCSH.txt
山东卫视,https://t.freetv.fun/live/shan-dong-wei-shi-2.php,,,,,,,,CCSH.txt
山东卫视,https://t.freetv.fun/live/shan-dong-wei-shi-5.m3u8,,,,,,,,CCSH.txt
山东卫视,https://t.freetv.fun/live/shan-dong-wei-shi-1.php,,,,,,,,CCSH.txt
山东卫视,https://t.freetv.fun/live/shan-dong-wei-shi-4.php,,,,,,,,CCSH.txt
山东卫视,https://t.freetv.fun/live/shan-dong-wei-shi-6.m3u8,,,,,,,,CCSH.txt
山东卫视,https://t.freetv.fun/live/shan-dong-wei-shi-7.m3u8,,,,,,,,CCSH.txt
山东卫视,https://t.freetv.fun/live/shan-dong-wei-shi-10.php,,,,,,,,CCSH.txt
山东卫视,https://t.freetv.fun/live/shan-dong-wei-shi-19.m3u8,,,,,,,,CCSH.txt
山东卫视,https://t.freetv.fun/live/shan-dong-wei-shi-20.m3u8,,,,,,,,CCSH.txt
山东卫视,http://btjg.net:809/hls/37/index.m3u8,,,,,,,,CCSH.txt
山东卫视,http://223.159.9.168:8099/tsfile/live/0131_1.m3u8?key=txiptv&playlive=0&authid=0,,,,,,,,CCSH.txt
山西卫视,http://ottrrs.hl.chinamobile.com/PLTV/88888888/224/3221225624/index.m3u8,,,,,,,,CCSH.txt
山西卫视,http://ottrrs.hl.chinamobile.com/PLTV/88888888/224/3221226392/index.m3u8,,,,,,,,CCSH.txt
山西卫视,http://liveflash.sxrtv.com/live/sxwshd.m3u8?sub_m3u8=true&edge_slice=true,,,,,,,,CCSH.txt
山西卫视,http://39.134.67.108/PLTV/88888888/224/3221226009/1.m3u8,,,,,,,,CCSH.txt
山西卫视,http://kkk.888.3116598.xyz/api.php?n=tttt&id=XCPL4p&tk=FgM0vQMejxvG,,,,,,,,CCSH.txt
山西卫视,http://kkk.888.3116598.xyz/api.php?n=tttt&id=PFfCYf&tk=FgM0vQMejxvG,,,,,,,,CCSH.txt
山西卫视,http://kkk.888.3116598.xyz/api.php?n=tttt&id=wS5zjM&tk=FgM0vQMejxvG,,,,,,,,CCSH.txt
山西卫视,http://kkk.888.3116598.xyz/api.php?n=tttt&id=eygoau&tk=FgM0vQMejxvG,,,,,,,,CCSH.txt
山西卫视,https://iptv.catvod.com/live.php?id=%E5%B1%B1%E8%A5%BF%E5%8D%AB%E8%A7%86%E5%8F%B0,,,,,,,,CCSH.txt
山西卫视,http://kkk.888.3116598.xyz/api.php?n=tttt&id=sWc8AV&tk=FgM0vQMejxvG,,,,,,,,CCSH.txt
山西卫视,https://stream1.freetv.fun/shan-xi-wei-shi-81.m3u8,,,,,,,,CCSH.txt
山西卫视,http://112.27.235.94:8000/hls/45/index.m3u8,,,,,,,,CCSH.txt
山西卫视,http://61.156.228.12:8154/tsfile/live/0118_1.m3u8?key=txiptv&playlive=1&authid=0,,,,,,,,CCSH.txt
山西卫视,http://61.156.228.12:8154/tsfile/live/0118_1.m3u8,,,,,,,,CCSH.txt
山西卫视,http://113.15.109.216:59901/tsfile/live/0118_1.m3u8?key=txiptv&playlive=1&authid=0,,,,,,,,CCSH.txt
山西卫视,https://stream1.freetv.fun/shan-xi-wei-shi-18.m3u8,,,,,,,,CCSH.txt
山西卫视,http://60.16.0.216:5757/hls/39/index.m3u8,,,,,,,,CCSH.txt
山西卫视,http://123.130.84.106:8154/tsfile/live/0118_1.m3u8,,,,,,,,CCSH.txt
山西卫视,http://222.169.85.8:9901/tsfile/live/0118_1.m3u8,,,,,,,,CCSH.txt
山西卫视,http://36.32.174.67:60080/newlive/live/hls/43/live.m3u8,,,,,,,,CCSH.txt
山西卫视,http://222.169.85.8:9901/tsfile/live/0118_1.m3u8?key=txiptv&playlive=1&authid=0,,,,,,,,CCSH.txt
山西卫视,http://sh.lnott.top:880/dx39.m3u8,,,,,,,,CCSH.txt
山西卫视,http://btjg.net:809/hls/33/index.m3u8,,,,,,,,CCSH.txt
山西卫视,http://120.76.248.139/live/bfgd/4200000109.m3u8,,,,,,,,CCSH.txt
山西卫视,http://shuangyashan.coccc.online:65000/tsfile/live/0118_1.m3u8?key=txiptv&playlive=1&authid=0,,,,,,,,CCSH.txt
山西卫视,http://183.11.239.36:808/hls/59/index.m3u8,,,,,,,,CCSH.txt
山西卫视,https://t.freetv.fun/live/shan-xi-wei-shi-10.m3u8,,,,,,,,CCSH.txt
山西卫视,https://t.freetv.fun/live/shan-xi-wei-shi-12.m3u8,,,,,,,,CCSH.txt
山西卫视,https://t.freetv.fun/live/shan-xi-wei-shi-9.m3u8,,,,,,,,CCSH.txt
山西卫视,https://t.freetv.fun/live/shan-xi-wei-shi-3.m3u8,,,,,,,,CCSH.txt
山西卫视,https://t.freetv.fun/live/shan-xi-wei-shi-3-1.m3u8,,,,,,,,CCSH.txt
山西卫视,https://t.freetv.fun/live/shan-xi-wei-shi-4-1.m3u8,,,,,,,,CCSH.txt
山西卫视,https://t.freetv.fun/live/shan-xi-wei-shi-6-1.php,,,,,,,,CCSH.txt
山西卫视,https://t.freetv.fun/live/shan-xi-wei-shi-17.php,,,,,,,,CCSH.txt
山西卫视,https://iptv.catvod.com/live.php?id=%E5%B1%B1%E8%A5%BF%E5%8D%AB%E8%A7%86,,,,,,,,CCSH.txt
山西卫视,http://e1.woc.iiiya.cn:8888/rtp/239.61.2.224:9332,,,,,,,,CCSH.txt
山西卫视,http://221.2.148.205:8154/tsfile/live/0118_1.m3u8?key=txiptv&playlive=1&authid=0,,,,,,,,CCSH.txt
山西卫视,http://120.238.94.10:9901/tsfile/live/1071_1.m3u8,,,,,,,,CCSH.txt
山西卫视,http://223.159.9.168:8099/tsfile/live/0118_1.m3u8?key=txiptv&playlive=0&authid=0,,,,,,,,CCSH.txt
山西卫视,http://nn.7x9d.cn/xzc2.php?ua=TW96aWxsYS81LjAgKFdpbmRvd3MgTlQgNi4xOyBXaW42NDsgeDY0KSBBcHBsZVdlYktpdC81MzcuMzYgKEtIVE1MLCBsaWtlIEdlY2tvKSBDaHJvbWUvMTA2LjAuMC4wIFNhZmFyaS81MzcuMzY=&hls=aHR0cDovL3R2dGoxLmp4d2x0eC5jb206ODAwMy9zeHdzLm0zdTg=,,,,,,,,CCSH.txt
广东卫视,http://ottrrs.hl.chinamobile.com/PLTV/88888888/224/3221226248/index.m3u8,,,,,,,,CCSH.txt
广东卫视,http://ottrrs.hl.chinamobile.com/PLTV/88888888/224/3221226374/index.m3u8,,,,,,,,CCSH.txt
广东卫视,http://39.134.67.108/PLTV/88888888/224/3221225966/1.m3u8,,,,,,,,CCSH.txt
广东卫视,https://migu.188766.xyz/?migutoken=3c5534fe04e46dc0ca96c5bb47224f3e&id=%E5%B9%BF%E4%B8%9C%E5%8D%AB%E8%A7%86&type=yy,,,,,,,,CCSH.txt
广东卫视,http://kkk.888.3116598.xyz/api.php?n=tttt&id=TAD0sn&tk=FgM0vQMejxvG,,,,,,,,CCSH.txt
广东卫视,http://kkk.888.3116598.xyz/api.php?n=tttt&id=XOigon&tk=FgM0vQMejxvG,,,,,,,,CCSH.txt
广东卫视,http://kkk.888.3116598.xyz/api.php?n=tttt&id=2fFegu&tk=FgM0vQMejxvG,,,,,,,,CCSH.txt
广东卫视,https://iptv.catvod.com/live.php?id=%E5%B9%BF%E4%B8%9C%E5%8D%AB%E8%A7%86%E5%8F%B0,,,,,,,,CCSH.txt
广东卫视,https://iptv.catvod.com/live.php?id=%E5%B9%BF%E4%B8%9C%E5%8D%AB%E8%A7%86,,,,,,,,CCSH.txt
广东卫视,http://kkk.888.3116598.xyz/api.php?n=liujiahui&id=r79WJV&tk=bknhp6JvJlqE,,,,,,,,CCSH.txt
广东卫视,http://kkk.888.3116598.xyz/api.php?n=tttt&id=u3Tnby&tk=FgM0vQMejxvG,,,,,,,,CCSH.txt
广东卫视,https://stream1.freetv.fun/ae49dc5a860f65496e2207dc8b5f47752f9b38beba4ccf16fc1286f71708465e.m3u8,,,,,,,,CCSH.txt
广东卫视,https://stream1.freetv.fun/8ef6435bcdd83e12ef928e4ac5f72f2a2c4cb216bebaa6bcd4f34dc34c8761e5.m3u8,,,,,,,,CCSH.txt
广东卫视,https://stream1.freetv.fun/a5a9d93d3e3eb03cca0320d5e6821e8c5d34899182b684f0a3a063960564e0ea.m3u8,,,,,,,,CCSH.txt
广东卫视,http://112.27.235.94:8000/hls/30/index.m3u8,,,,,,,,CCSH.txt
广东卫视,https://txmov2.a.kwimgs.com/upic/2023/01/26/09/BMjAyMzAxMjYwOTE3NDVfNzM5MzQzNzIyXzk0NjI1OTUwNTA3XzBfMw==_b_B81ddda927d33445d544befd008e60109.mp4,,,,,,,,CCSH.txt
广东卫视,https://stream1.freetv.fun/yan-dong-wei-shi-gao-qing-3.ctv,,,,,,,,CCSH.txt
广东卫视,http://39.152.103.17:8089/tsfile/live/1042_1.m3u8,,,,,,,,CCSH.txt
广东卫视,https://stream1.freetv.fun/d63b7cd598a4f53de8bf67d3c47b338f7759ba39812520913b915e4d66b266fb.m3u8,,,,,,,,CCSH.txt
广东卫视,http://113.57.93.165:9900/tsfile/live/0125_1.m3u8,,,,,,,,CCSH.txt
广东卫视,http://183.11.239.36:808/hls/80/index.m3u8,,,,,,,,CCSH.txt
广东卫视,http://61.156.228.12:8154/tsfile/live/0125_1.m3u8,,,,,,,,CCSH.txt
广东卫视,http://111.221.137.234:44330/tsfile/live/0128_1.m3u8?key=txiptv&playlive=0&authid=0,,,,,,,,CCSH.txt
广东卫视,http://61.136.172.236:9901/tsfile/live/0125_1.m3u8?key=txiptv&playlive=1&authid=0,,,,,,,,CCSH.txt
广东卫视,http://113.15.109.216:59901/tsfile/live/0125_1.m3u8?key=txiptv&playlive=1&authid=0,,,,,,,,CCSH.txt
广东卫视,http://113.57.93.165:9900/tsfile/live/0125_1.m3u8?key=txiptv&playlive=1&authid=0,,,,,,,,CCSH.txt
广东卫视,http://58.57.40.22:9901/tsfile/live/1039_1.m3u8,,,,,,,,CCSH.txt
广东卫视,http://123.130.84.106:8154/tsfile/live/0125_1.m3u8,,,,,,,,CCSH.txt
广东卫视,http://drive.mxmy.net:8888/udp/239.3.1.142:8048,,,,,,,,CCSH.txt
广东卫视,https://stream1.freetv.fun/254cd336bd5b0df6d92107dc982893be1b2e931a8e1c144ee600993d9de7c3cd.m3u8,,,,,,,,CCSH.txt
广东卫视,https://stream1.freetv.fun/yan-dong-wei-shi-gao-qing-12.ctv,,,,,,,,CCSH.txt
广东卫视,http://58.17.116.69:9903/tsfile/live/0125_2.m3u8?key=txiptv&playlive=0&authid=0,,,,,,,,CCSH.txt
广东卫视,http://124.116.183.146:9901/tsfile/live/0125_1.m3u8,,,,,,,,CCSH.txt
广东卫视,http://222.169.85.8:9901/tsfile/live/0125_1.m3u8?key=txiptv&playlive=1&authid=0,,,,,,,,CCSH.txt
广东卫视,http://219.145.59.166:8888/tsfile/live/1032_1.m3u8?key=txiptv&playlive=1&authid=0,,,,,,,,CCSH.txt
广东卫视,http://123.130.84.106:8154/tsfile/live/0125_1.m3u8?key=txiptv&playlive=1&authid=0,,,,,,,,CCSH.txt
广东卫视,http://dms.yryyj.site:8188/udp/239.76.245.189:1234,,,,,,,,CCSH.txt
广东卫视,http://59.39.89.130:60901/tsfile/live/0125_1.m3u8?key=txiptv&playlive=1&authid=0,,,,,,,,CCSH.txt
广东卫视,https://www.freetv.top/migu/608831231.m3u8?migutoken=71ab4343c0e7a55b1287f3c4ec3383c9de673d987b5c849b2728e9af4223510bc8d8fcb87af13066db4920eb8e871c74aa5e93e04d43de870dc64eadb99a05456adfdb14b43000fd4520cba033,,,,,,,,CCSH.txt
广东卫视,https://stream1.freetv.fun/yan-dong-wei-shi-gao-qing-11.ctv,,,,,,,,CCSH.txt
广东卫视,http://120.238.94.10:9901/tsfile/live/1008_1.m3u8,,,,,,,,CCSH.txt
广东卫视,http://61.136.172.236:9901/tsfile/live/0125_1.m3u8,,,,,,,,CCSH.txt
广东卫视,http://120.76.248.139/live/bfgd/4200000092.m3u8,,,,,,,,CCSH.txt
广东卫视,https://stream1.freetv.fun/yan-dong-wei-shi-gao-qing-6.ctv,,,,,,,,CCSH.txt
广东卫视,http://222.169.85.8:9901/tsfile/live/0125_1.m3u8,,,,,,,,CCSH.txt
广东卫视,https://stream1.freetv.fun/yan-dong-wei-shi-gao-qing-2.ctv,,,,,,,,CCSH.txt
广东卫视,http://kkk.888.3116598.xyz/api.php?n=tttt&id=AUTwfs&tk=FgM0vQMejxvG,,,,,,,,CCSH.txt
广东卫视,http://8.138.7.223/tv/migu3.php?id=gdws,,,,,,,,CCSH.txt
广东卫视,http://8.138.7.223/tv/gd.php?id=0001,,,,,,,,CCSH.txt
广东卫视,https://t.freetv.fun/live/yan-dong-wei-shi.m3u8,,,,,,,,CCSH.txt
广东卫视,https://t.freetv.fun/live/yan-dong-wei-shi-7.m3u8,,,,,,,,CCSH.txt
广东卫视,https://t.freetv.fun/live/yan-dong-wei-shi-9.m3u8,,,,,,,,CCSH.txt
广东卫视,https://t.freetv.fun/live/yan-dong-wei-shi-1.m3u8,,,,,,,,CCSH.txt
广东卫视,https://t.freetv.fun/live/yan-dong-wei-shi-3.php,,,,,,,,CCSH.txt
广东卫视,https://t.freetv.fun/live/yan-dong-wei-shi-4.m3u8,,,,,,,,CCSH.txt
广东卫视,https://t.freetv.fun/live/yan-dong-wei-shi-5.php,,,,,,,,CCSH.txt
广东卫视,https://t.freetv.fun/live/yan-dong-wei-shi-gao-qing.m3u8,,,,,,,,CCSH.txt
广东卫视,https://t.freetv.fun/live/yan-dong-wei-shi-gao-qing-3.m3u8,,,,,,,,CCSH.txt
广东卫视,https://t.freetv.fun/live/yan-dong-wei-shi-gao-qing-5.m3u8,,,,,,,,CCSH.txt
广东卫视,https://t.freetv.fun/live/yan-dong-wei-shi-gao-qing-6.m3u8,,,,,,,,CCSH.txt
广东卫视,https://t.freetv.fun/live/yan-dong-wei-shi-gao-qing-7.m3u8,,,,,,,,CCSH.txt
广东卫视,https://t.freetv.fun/live/yan-dong-wei-shi-gao-qing-8.m3u8,,,,,,,,CCSH.txt
广东卫视,https://t.freetv.fun/live/yan-dong-wei-shi-gao-qing-9.m3u8,,,,,,,,CCSH.txt
广东卫视,https://t.freetv.fun/live/yan-dong-wei-shi-gao-qing-10.m3u8,,,,,,,,CCSH.txt
广东卫视,https://t.freetv.fun/live/yan-dong-wei-shi-gao-qing-11.m3u8,,,,,,,,CCSH.txt
广东卫视,https://t.freetv.fun/live/yan-dong-wei-shi-gao-qing-14.m3u8,,,,,,,,CCSH.txt
广东卫视,https://migu.188766.xyz/?migutoken=c92bff49b9305692513949be4c8ed317&id=%E5%B9%BF%E4%B8%9C%E5%8D%AB%E8%A7%86&type=yy,,,,,,,,CCSH.txt
广东卫视,http://go.bkpcp.top/mg/gdws,,,,,,,,CCSH.txt
广东卫视,http://btjg.net:809/hls/32/index.m3u8,,,,,,,,CCSH.txt
广东卫视,http://rihou.cc:555/tv/[AtI]广东卫视,,,,,,,,CCSH.txt
广东卫视,http://gfr.x3322.net:9901/tsfile/live/1096_1.m3u8,,,,,,,,CCSH.txt
广东卫视,http://hlsztemgsplive.miguvideo.com:8080/ws_w/2018/gdws/gdws711/1000/index.m3u8?msisdn=202601030602051222f83c447c4157a3be6c344d5433de&mdspid=&spid=699054&netType=0&sid=2202428795&pid=2028597139&timestamp=20260103060205&Channel_ID=0116_2600037000-99000-200300220100002&ProgramID=608831231&ParentNodeID=-99&assertID=2202428795&client_ip=218.28.233.106&SecurityKey=20260103060205&promotionId=&mvid=2202428795&mcid=500020&playurlVersion=WX-A1-8.12.2-RELEASE&userid=&jmhm=&videocodec=h264&appCode=miguvideo_android&bean=mgspad&tid=android&conFee=0&encrypt=c3889fbcbc4802586a5936475770569e&sv=10004&ct=android,,,,,,,,CCSH.txt
广东卫视,http://183.215.134.239:19901/tsfile/live/0125_1.m3u8?key=txiptv&playlive=1&authid=0,,,,,,,,CCSH.txt
广东卫视,http://223.159.9.168:8099/tsfile/live/0125_1.m3u8?key=txiptv&playlive=0&authid=0,,,,,,,,CCSH.txt
广东卫视,http://hlsztemgsplive.miguvideo.com:8080/ws_w/2018/gdws/gdws711/1000/index.m3u8?msisdn=202601040202221c4d846e84bd493ea3be24793ad92378&mdspid=&spid=699054&netType=0&sid=2202428795&pid=2028597139&timestamp=20260104020222&Channel_ID=0116_2600037000-99000-200300220100002&ProgramID=608831231&ParentNodeID=-99&assertID=2202428795&client_ip=218.28.233.106&SecurityKey=20260104020222&promotionId=&mvid=2202428795&mcid=500020&playurlVersion=WX-A1-8.12.2-RELEASE&userid=&jmhm=&videocodec=h264&appCode=miguvideo_android&bean=mgspad&tid=android&conFee=0&encrypt=e2be26e9801a862a548be6d09df1edb2&sv=10004&ct=android,,,,,,,,CCSH.txt
广东卫视,http://223.241.247.214:9901/tsfile/live/1011_1.m3u8?key=txiptv&playlive=1&authid=0,,,,,,,,CCSH.txt
广西卫视,http://ottrrs.hl.chinamobile.com/PLTV/88888888/224/3221226380/index.m3u8,,,,,,,,CCSH.txt
广西卫视,http://ottrrs.hl.chinamobile.com/PLTV/88888888/224/3221226549/index.m3u8,,,,,,,,CCSH.txt
广西卫视,http://39.134.67.108/PLTV/88888888/224/3221226024/1.m3u8,,,,,,,,CCSH.txt
广西卫视,http://kkk.jjjj.jiduo.me/api.php?n=tttt&id=6313&tk=23a9aca1f79f,,,,,,,,CCSH.txt
广西卫视,http://kkk.888.3116598.xyz/api.php?n=tttt&id=pPw86g&tk=FgM0vQMejxvG,,,,,,,,CCSH.txt
广西卫视,http://kkk.888.3116598.xyz/api.php?n=tttt&id=vXMfJ3&tk=FgM0vQMejxvG,,,,,,,,CCSH.txt
广西卫视,http://kkk.888.3116598.xyz/api.php?n=liujiahui&id=fXXc21&tk=bknhp6JvJlqE,,,,,,,,CCSH.txt
广西卫视,https://iptv.catvod.com/live.php?id=%E5%B9%BF%E8%A5%BF%E5%8D%AB%E8%A7%86%E5%8F%B0,,,,,,,,CCSH.txt
广西卫视,https://iptv.catvod.com/live.php?id=%E5%B9%BF%E8%A5%BF%E5%8D%AB%E8%A7%86,,,,,,,,CCSH.txt
广西卫视,https://stream1.freetv.fun/yan-xi-wei-shi-74.m3u8,,,,,,,,CCSH.txt
广西卫视,http://kkk.888.3116598.xyz/api.php?n=tttt&id=crm6fK&tk=FgM0vQMejxvG,,,,,,,,CCSH.txt
广西卫视,https://stream1.freetv.fun/yan-xi-wei-shi-15.m3u8,,,,,,,,CCSH.txt
广西卫视,https://stream1.freetv.fun/00dd24ff229f857b5f63b2575005617500b45a8a594934001d45893621590099.m3u8,,,,,,,,CCSH.txt
广西卫视,http://27.41.245.32:801/hls/34/index.m3u8,,,,,,,,CCSH.txt
广西卫视,http://183.11.239.36:808/hls/56/index.m3u8,,,,,,,,CCSH.txt
广西卫视,http://kkk.888.3116598.xyz/api.php?n=tttt&id=od5dDv&tk=FgM0vQMejxvG,,,,,,,,CCSH.txt
广西卫视,http://60.16.0.216:5757/hls/45/index.m3u8,,,,,,,,CCSH.txt
广西卫视,http://61.136.172.236:9901/tsfile/live/0113_1.m3u8?key=txiptv&playlive=1&authid=0,,,,,,,,CCSH.txt
广西卫视,http://113.57.93.165:9900/tsfile/live/1004_1.m3u8?key=txiptv&playlive=1&authid=0,,,,,,,,CCSH.txt
广西卫视,http://113.15.109.216:59901/tsfile/live/0113_1.m3u8?key=txiptv&playlive=1&authid=0,,,,,,,,CCSH.txt
广西卫视,http://61.136.172.236:9901/tsfile/live/0113_1.m3u8,,,,,,,,CCSH.txt
广西卫视,http://123.130.84.106:8154/tsfile/live/0113_1.m3u8?key=txiptv&playlive=1&authid=0,,,,,,,,CCSH.txt
广西卫视,http://222.169.85.8:9901/tsfile/live/0113_1.m3u8?key=txiptv&playlive=1&authid=0,,,,,,,,CCSH.txt
广西卫视,http://222.134.245.16:9901/tsfile/live/0113_1.m3u8,,,,,,,,CCSH.txt
广西卫视,http://123.130.84.106:8154/tsfile/live/0113_1.m3u8,,,,,,,,CCSH.txt
广西卫视,http://111.61.236.247:9081/hls/44/index.m3u8,,,,,,,,CCSH.txt
广西卫视,http://36.32.174.67:60080/newlive/live/hls/38/live.m3u8,,,,,,,,CCSH.txt
广西卫视,http://sun135790.x3322.net:9901/tsfile/live/16043_1.m3u8?key=txiptv&playlive=1&authid=0,,,,,,,,CCSH.txt
广西卫视,http://8.138.7.223/tv/migu3.php?id=gxws,,,,,,,,CCSH.txt
广西卫视,http://58.57.40.22:9901/tsfile/live/1049_1.m3u8,,,,,,,,CCSH.txt
广西卫视,http://cssbyd.imwork.net:8082/hls/33/index.m3u8,,,,,,,,CCSH.txt
广西卫视,https://www.yangshipin.cn/tv/home?pid=600002509,,,,,,,,CCSH.txt
广西卫视,http://113.57.93.165:9900/tsfile/live/1004_1.m3u8,,,,,,,,CCSH.txt
广西卫视,http://btjg.net:809/hls/40/index.m3u8,,,,,,,,CCSH.txt
广西卫视,https://t.freetv.fun/live/yan-xi-wei-shi.m3u8,,,,,,,,CCSH.txt
广西卫视,https://t.freetv.fun/live/yan-xi-wei-shi-1.php,,,,,,,,CCSH.txt
广西卫视,https://t.freetv.fun/live/yan-xi-wei-shi-3.m3u8,,,,,,,,CCSH.txt
广西卫视,https://t.freetv.fun/live/yan-xi-wei-shi-5.m3u8,,,,,,,,CCSH.txt
广西卫视,https://t.freetv.fun/live/yan-xi-wei-shi-6.m3u8,,,,,,,,CCSH.txt
广西卫视,https://t.freetv.fun/live/yan-xi-wei-shi-13.m3u8,,,,,,,,CCSH.txt
广西卫视,http://tvlist.top/jd/index.php?id=gxws&qt=183.224.122.114:8014,,,,,,,,CCSH.txt
广西卫视,http://39.152.103.17:8089/tsfile/live/1077_1.m3u8,,,,,,,,CCSH.txt
广西卫视,http://153.0.171.163:9901/tsfile/live/0113_1.m3u8?key=txiptv&playlive=1&authid=0,,,,,,,,CCSH.txt
广西卫视,http://120.76.248.139/live/bfgd/4200000116.m3u8,,,,,,,,CCSH.txt
广西卫视,http://182.150.23.74:808/hls/31/index.m3u8,,,,,,,,CCSH.txt
广西卫视,http://223.159.9.168:8099/tsfile/live/0113_1.m3u8?key=txiptv&playlive=0&authid=0,,,,,,,,CCSH.txt
广西卫视,http://nn.7x9d.cn/xzc2.php?ua=TW96aWxsYS81LjAgKFdpbmRvd3MgTlQgNi4xOyBXaW42NDsgeDY0KSBBcHBsZVdlYktpdC81MzcuMzYgKEtIVE1MLCBsaWtlIEdlY2tvKSBDaHJvbWUvMTA2LjAuMC4wIFNhZmFyaS81MzcuMzY=&hls=aHR0cDovL3R2dGoxLmp4d2x0eC5jb206ODAwMy9neHdzLm0zdTg=,,,,,,,,CCSH.txt
广西卫视,http://223.241.247.214:9901/tsfile/live/0113_1.m3u8?key=txiptv&playlive=1&authid=0,,,,,,,,CCSH.txt
广西卫视,http://hmfs.f3322.net:3388/hls/27/index.m3u8,,,,,,,,CCSH.txt
广西卫视,http://[2409:8087:1e03:21::42]:6610/cms001/ch00000090990000001224/index.m3u8?love=freedom,,,,,,,,CCSH.txt
广西卫视,https://live.v1.mk/api/bestv.php?id=gxwshd8m/8000000,,,,,,,,CCSH.txt
延边卫视,http://ottrrs.hl.chinamobile.com/PLTV/88888888/224/3221226516/index.m3u8,,,,,,,,CCSH.txt
延边卫视,http://kkk.jjjj.jiduo.me/api.php?n=tttt&id=7288&tk=a0c4f6cfaba3,,,,,,,,CCSH.txt
延边卫视,http://kkk.888.3116598.xyz/api.php?n=tttt&id=hM1OW2&tk=FgM0vQMejxvG,,,,,,,,CCSH.txt
延边卫视,http://kkk.888.3116598.xyz/api.php?n=tttt&id=b7MQBA&tk=FgM0vQMejxvG,,,,,,,,CCSH.txt
延边卫视,http://kkk.888.3116598.xyz/api.php?n=tttt&id=d3B5Sd&tk=FgM0vQMejxvG,,,,,,,,CCSH.txt
延边卫视,http://kkk.888.3116598.xyz/api.php?n=tttt&id=6SryRL&tk=FgM0vQMejxvG,,,,,,,,CCSH.txt
延边卫视,https://stream1.freetv.fun/yan-bian-wei-shi-4.m3u8,,,,,,,,CCSH.txt
延边卫视,http://kkk.jjjj.jiduo.me/api.php?n=tttt&id=3050&tk=23a9aca1f79f,,,,,,,,CCSH.txt
延边卫视,http://kkk.888.3116598.xyz/api.php?n=tttt&id=GaMgIY&tk=FgM0vQMejxvG,,,,,,,,CCSH.txt
延边卫视,https://stream1.freetv.fun/c0b813fdcf8e35946c0c91e75d6a2ed10a8b9094c02223e4cb83b282c977ef58.ctv,,,,,,,,CCSH.txt
延边卫视,https://srs.iyb983.cn/video/CYS/index.m3u8,,,,,,,,CCSH.txt
延边卫视,http://l.cztvcloud.com/channels/lantian/SXxinchang2/720p.m3u8#,,,,,,,,CCSH.txt
延边卫视,http://120.76.248.139/live/bfgd/4200000117.m3u8,,,,,,,,CCSH.txt
延边卫视,http://gmxw.7766.org:808/hls/15/index.m3u8,,,,,,,,CCSH.txt
延边卫视,https://t.freetv.fun/live/yan-bian-wei-shi-2.m3u8,,,,,,,,CCSH.txt
延边卫视,https://t.freetv.fun/live/yan-bian-wei-shi.m3u8,,,,,,,,CCSH.txt
延边卫视,https://t.freetv.fun/live/yan-bian-wei-shi-1.m3u8,,,,,,,,CCSH.txt
延边卫视,https://t.freetv.fun/live/yan-bian-wei-shi-3.m3u8,,,,,,,,CCSH.txt
新疆卫视,http://ottrrs.hl.chinamobile.com/PLTV/88888888/224/3221225635/index.m3u8,,,,,,,,CCSH.txt
新疆卫视,http://ottrrs.hl.chinamobile.com/PLTV/88888888/224/3221226460/index.m3u8,,,,,,,,CCSH.txt
新疆卫视,https://stream1.freetv.fun/708b18d42d1ca63e7f143d0f5b2a22383f9bcd408efba40a7638e1f7c2176e0b.m3u8,,,,,,,,CCSH.txt
新疆卫视,https://iptv.catvod.com/live.php?id=%E6%96%B0%E7%96%86%E5%8D%AB%E8%A7%86%E5%8F%B0,,,,,,,,CCSH.txt
新疆卫视,https://iptv.catvod.com/live.php?id=%E6%96%B0%E7%96%86%E5%8D%AB%E8%A7%86,,,,,,,,CCSH.txt
新疆卫视,http://kkk.888.3116598.xyz/api.php?n=tttt&id=zw1NpD&tk=FgM0vQMejxvG,,,,,,,,CCSH.txt
新疆卫视,http://kkk.888.3116598.xyz/api.php?n=tttt&id=XVshwr&tk=FgM0vQMejxvG,,,,,,,,CCSH.txt
新疆卫视,https://stream1.freetv.fun/4d7c20e4deec80ce514ff2dfd7931296def68be04a9cd383650a1ee17d54d821.m3u8,,,,,,,,CCSH.txt
新疆卫视,http://39.152.103.17:8089/tsfile/live/1087_1.m3u8,,,,,,,,CCSH.txt
新疆卫视,http://218.17.33.178:53290/tsfile/live/0110_1.m3u8?key=txiptv,,,,,,,,CCSH.txt
新疆卫视,http://61.156.228.12:8154/tsfile/live/0110_1.m3u8?key=txiptv&playlive=1&authid=0,,,,,,,,CCSH.txt
新疆卫视,http://61.156.228.12:8154/tsfile/live/0110_1.m3u8,,,,,,,,CCSH.txt
新疆卫视,http://58.57.40.22:9901/tsfile/live/1055_1.m3u8,,,,,,,,CCSH.txt
新疆卫视,https://stream1.freetv.fun/05453da65e449c486d26db5925546cf4987032cfc350bbeb0e5008ae6b46f6e2.m3u8,,,,,,,,CCSH.txt
新疆卫视,http://219.146.95.58:59902/tsfile/live/0110_1.m3u8,,,,,,,,CCSH.txt
新疆卫视,https://stream1.freetv.fun/9dffc41fcd6f3e486cc58b19310a8ce4e34a3e72fec6def4663853397c68b10c.m3u8,,,,,,,,CCSH.txt
新疆卫视,https://stream1.freetv.fun/xin-jiang-wei-shi-15.m3u8,,,,,,,,CCSH.txt
新疆卫视,http://222.169.85.8:9901/tsfile/live/0110_1.m3u8,,,,,,,,CCSH.txt
新疆卫视,http://219.146.95.58:59902/tsfile/live/0110_1.m3u8?txiptv,,,,,,,,CCSH.txt
新疆卫视,http://123.130.84.106:8154/tsfile/live/0110_1.m3u8?key=txiptv&playlive=1&authid=0,,,,,,,,CCSH.txt
新疆卫视,http://36.32.174.67:60080/newlive/live/hls/47/live.m3u8,,,,,,,,CCSH.txt
新疆卫视,https://stream1.freetv.fun/fde702f8f3933462e049918018806fc7f05cfaaba3a34171795ef12a20a3dba0.m3u8,,,,,,,,CCSH.txt
新疆卫视,http://kkk.888.3116598.xyz/api.php?n=tttt&id=8C4nAz&tk=FgM0vQMejxvG,,,,,,,,CCSH.txt
新疆卫视,https://stream1.freetv.fun/491fd44baf9decfb455c633430d8968c171f00c46474622b96e79dace34057e8.m3u8,,,,,,,,CCSH.txt
新疆卫视,http://kkk.888.3116598.xyz/api.php?n=tttt&id=QlWQts&tk=FgM0vQMejxvG,,,,,,,,CCSH.txt
新疆卫视,http://120.76.248.139/live/bfgd/4200000150.m3u8,,,,,,,,CCSH.txt
新疆卫视,http://8.138.7.223/tv/migu3.php?id=xjws,,,,,,,,CCSH.txt
新疆卫视,http://183.11.239.36:808/hls/65/index.m3u8,,,,,,,,CCSH.txt
新疆卫视,http://btjg.net:809/hls/111/index.m3u8,,,,,,,,CCSH.txt
新疆卫视,https://t.freetv.fun/live/xin-jiang-wei-shi-7.m3u8,,,,,,,,CCSH.txt
新疆卫视,https://t.freetv.fun/live/xin-jiang-wei-shi-14.m3u8,,,,,,,,CCSH.txt
新疆卫视,https://t.freetv.fun/live/xin-jiang-wei-shi-8.m3u8,,,,,,,,CCSH.txt
新疆卫视,https://t.freetv.fun/live/xin-jiang-wei-shi-3.m3u8,,,,,,,,CCSH.txt
新疆卫视,https://t.freetv.fun/live/xin-jiang-wei-shi-10.m3u8,,,,,,,,CCSH.txt
新疆卫视,http://221.2.148.205:8154/tsfile/live/0110_1.m3u8,,,,,,,,CCSH.txt
新疆卫视,http://live.wjyanghu.com/live/CH1.m3u8,,,,,,,,CCSH.txt
新疆卫视,http://139.196.151.191:2051/rtp/239.45.1.116:5140,,,,,,,,CCSH.txt
新疆卫视,http://kkk.888.3116598.xyz/api.php?n=tttt&id=y7PY5s&tk=FgM0vQMejxvG,,,,,,,,CCSH.txt
云南卫视,http://ottrrs.hl.chinamobile.com/PLTV/88888888/224/3221226444/index.m3u8,,,,,,,,CCSH.txt
云南卫视,https://iptv.catvod.com/live.php?id=%E4%BA%91%E5%8D%97%E5%8D%AB%E8%A7%86,,,,,,,,CCSH.txt
云南卫视,http://kkk.888.3116598.xyz/api.php?n=tttt&id=7xV1dH&tk=FgM0vQMejxvG,,,,,,,,CCSH.txt
云南卫视,http://kkk.888.3116598.xyz/api.php?n=tttt&id=J8SDJe&tk=FgM0vQMejxvG,,,,,,,,CCSH.txt
云南卫视,https://stream1.freetv.fun/e3125675165c3fbfa7a8c89bf5215b32a0f83d21f21f32ccd6e87dc8ae4faffb.m3u8,,,,,,,,CCSH.txt
云南卫视,http://112.27.235.94:8000/hls/40/index.m3u8,,,,,,,,CCSH.txt
云南卫视,http://111.221.137.234:44330/tsfile/live/0118_2.m3u8?key=txiptv&playlive=0&authid=0,,,,,,,,CCSH.txt
云南卫视,http://111.221.137.155:44330/tsfile/live/0116_1.m3u8?key=txiptv,,,,,,,,CCSH.txt
云南卫视,http://120.211.62.180:8000/hls/39/index.m3u8,,,,,,,,CCSH.txt
云南卫视,http://39.152.103.17:8089/tsfile/live/1083_1.m3u8,,,,,,,,CCSH.txt
云南卫视,http://58.57.40.22:9901/tsfile/live/1047_1.m3u8,,,,,,,,CCSH.txt
云南卫视,http://113.15.109.216:59901/tsfile/live/0119_1.m3u8?key=txiptv&playlive=1&authid=0,,,,,,,,CCSH.txt
云南卫视,https://stream1.freetv.fun/a97b2875ebcaa352e255a790a19b02e0e4faf9e08bcf6ec829b23ef034193331.m3u8,,,,,,,,CCSH.txt
云南卫视,https://stream1.freetv.fun/78d5fdfe5a6a02f95ba9abe9781d88980afafde30f29a80c5ce264ca7c1fe245.m3u8,,,,,,,,CCSH.txt
云南卫视,https://stream1.freetv.fun/b9151e5251d5a3417d7af76a66bd3a6da5cf19f1c7008604fb1228b48249a975.m3u8,,,,,,,,CCSH.txt
云南卫视,http://123.130.84.106:8154/tsfile/live/0119_1.m3u8,,,,,,,,CCSH.txt
云南卫视,https://stream1.freetv.fun/51c27038e64ef03476e69bceec9370d3b9eab7f16b83f3805c1f0876143197e8.m3u8,,,,,,,,CCSH.txt
云南卫视,http://123.130.84.106:8154/tsfile/live/0119_1.m3u8?key=txiptv&playlive=1&authid=0,,,,,,,,CCSH.txt
云南卫视,http://222.169.85.8:9901/tsfile/live/0119_1.m3u8?key=txiptv&playlive=1&authid=0,,,,,,,,CCSH.txt
云南卫视,http://222.169.85.8:9901/tsfile/live/0119_1.m3u8,,,,,,,,CCSH.txt
云南卫视,http://111.61.236.247:9081/hls/32/index.m3u8,,,,,,,,CCSH.txt
云南卫视,http://36.32.174.67:60080/newlive/live/hls/45/live.m3u8,,,,,,,,CCSH.txt
云南卫视,http://p2.ytelc.com/xgplayer.php?id=https://hwapi.yntv.net/ew265l/z1z6s5.m3u8,,,,,,,,CCSH.txt
云南卫视,http://btjg.net:809/hls/53/index.m3u8,,,,,,,,CCSH.txt
云南卫视,http://sun135790.x3322.net:9901/tsfile/live/16038_1.m3u8?key=txiptv&playlive=1&authid=0,,,,,,,,CCSH.txt
云南卫视,http://8.138.7.223/tv/migu3.php?id=ynws,,,,,,,,CCSH.txt
云南卫视,http://183.11.239.36:808/hls/52/index.m3u8,,,,,,,,CCSH.txt
云南卫视,https://stream1.freetv.fun/f40235a5ade931c60cc82abe8d013628e1977f5cea353d83586f27b4026d32b4.ctv,,,,,,,,CCSH.txt
云南卫视,https://stream1.freetv.fun/yun-nan-wei-shi-47.ctv,,,,,,,,CCSH.txt
云南卫视,http://59.39.89.130:60901/tsfile/live/0125_18.m3u8?key=txiptv&playlive=1&authid=0,,,,,,,,CCSH.txt
云南卫视,http://120.238.94.10:9901/tsfile/live/1069_1.m3u8,,,,,,,,CCSH.txt
云南卫视,http://kkk.888.3116598.xyz/api.php?n=tttt&id=g6VVUA&tk=FgM0vQMejxvG,,,,,,,,CCSH.txt
云南卫视,http://cssbyd.imwork.net:8082/hls/36/index.m3u8,,,,,,,,CCSH.txt
云南卫视,https://t.freetv.fun/live/yun-nan-wei-shi-1.m3u8,,,,,,,,CCSH.txt
云南卫视,https://t.freetv.fun/live/yun-nan-wei-shi-3.php,,,,,,,,CCSH.txt
云南卫视,https://t.freetv.fun/live/yun-nan-wei-shi-10.m3u8,,,,,,,,CCSH.txt
云南卫视,https://t.freetv.fun/live/yun-nan-wei-shi-4.php,,,,,,,,CCSH.txt
云南卫视,https://t.freetv.fun/live/yun-nan-wei-shi-11.m3u8,,,,,,,,CCSH.txt
云南卫视,http://153.0.171.163:9901/tsfile/live/0119_1.m3u8?key=txiptv&playlive=1&authid=0,,,,,,,,CCSH.txt
云南卫视,http://120.76.248.139/live/bfgd/4200000482.m3u8,,,,,,,,CCSH.txt
云南卫视,https://hwapi.yntv.net/ew265l/z1z6s5.m3u8,,,,,,,,CCSH.txt
云南卫视,http://221.2.148.205:8154/tsfile/live/0119_1.m3u8?key=txiptv&playlive=1&authid=0,,,,,,,,CCSH.txt
云南卫视,http://182.150.23.74:808/hls/29/index.m3u8,,,,,,,,CCSH.txt
云南卫视,http://223.159.9.168:8099/tsfile/live/0119_1.m3u8?key=txiptv&playlive=0&authid=0,,,,,,,,CCSH.txt
云南卫视,http://[2409:8087:1e03:21::42]:6610/cms001/ch00000090990000001223/index.m3u8?love=freedom,,,,,,,,CCSH.txt
云南卫视,http://kkk.888.3116598.xyz/api.php?n=tttt&id=qSDZFe&tk=FgM0vQMejxvG,,,,,,,,CCSH.txt
江西卫视,http://ottrrs.hl.chinamobile.com/PLTV/88888888/224/3221226344/index.m3u8,,,,,,,,CCSH.txt
江西卫视,http://ottrrs.hl.chinamobile.com/PLTV/88888888/224/3221226504/index.m3u8,,,,,,,,CCSH.txt
江西卫视,http://39.134.67.108/PLTV/88888888/224/3221225935/1.m3u8,,,,,,,,CCSH.txt
江西卫视,http://kkk.888.3116598.xyz/api.php?n=tttt&id=up9Hqf&tk=FgM0vQMejxvG,,,,,,,,CCSH.txt
江西卫视,https://migu.188766.xyz/?migutoken=2ff9cf8c9429b14e86ac2c3645c3a92d&id=%E6%B1%9F%E8%A5%BF%E5%8D%AB%E8%A7%86&type=yy,,,,,,,,CCSH.txt
江西卫视,http://kkk.888.3116598.xyz/api.php?n=tttt&id=8l9CES&tk=FgM0vQMejxvG,,,,,,,,CCSH.txt
江西卫视,https://iptv.catvod.com/live.php?id=%E6%B1%9F%E8%A5%BF%E5%8D%AB%E8%A7%86,,,,,,,,CCSH.txt
江西卫视,http://kkk.888.3116598.xyz/api.php?n=tttt&id=bzQUVC&tk=FgM0vQMejxvG,,,,,,,,CCSH.txt
江西卫视,http://kkk.888.3116598.xyz/api.php?n=tttt&id=jwmS3V&tk=FgM0vQMejxvG,,,,,,,,CCSH.txt
江西卫视,http://kkk.888.3116598.xyz/api.php?n=tttt&id=Tcp77w&tk=FgM0vQMejxvG,,,,,,,,CCSH.txt
江西卫视,http://112.27.235.94:8000/hls/44/index.m3u8,,,,,,,,CCSH.txt
江西卫视,http://111.221.137.234:44330/tsfile/live/0137_1.m3u8?key=txiptv&playlive=0&authid=0,,,,,,,,CCSH.txt
江西卫视,http://183.11.239.36:808/hls/44/index.m3u8,,,,,,,,CCSH.txt
江西卫视,http://39.152.103.17:8089/tsfile/live/1078_1.m3u8,,,,,,,,CCSH.txt
江西卫视,http://111.221.137.155:44330/tsfile/live/1019_1.m3u8?key=txiptv,,,,,,,,CCSH.txt
江西卫视,http://113.57.93.165:9900/tsfile/live/0138_1.m3u8?key=txiptv&playlive=1&authid=0,,,,,,,,CCSH.txt
江西卫视,http://113.15.109.216:59901/tsfile/live/0138_1.m3u8?key=txiptv&playlive=1&authid=0,,,,,,,,CCSH.txt
江西卫视,http://182.150.23.74:808/hls/30/index.m3u8,,,,,,,,CCSH.txt
江西卫视,http://61.136.172.236:9901/tsfile/live/0138_1.m3u8,,,,,,,,CCSH.txt
江西卫视,http://61.136.172.236:9901/tsfile/live/0138_1.m3u8?key=txiptv&playlive=1&authid=0,,,,,,,,CCSH.txt
江西卫视,http://123.130.84.106:8154/tsfile/live/0138_1.m3u8?key=txiptv&playlive=1&authid=0,,,,,,,,CCSH.txt
江西卫视,http://58.57.40.22:9901/tsfile/live/1043_1.m3u8,,,,,,,,CCSH.txt
江西卫视,http://219.146.95.58:59902/tsfile/live/0138_1.m3u8?txiptv,,,,,,,,CCSH.txt
江西卫视,https://stream1.freetv.fun/2df8b395a33033ef4dbd79007e2ec8dabbdc64e75e0e2c8bd46c49eec115d891.m3u8,,,,,,,,CCSH.txt
江西卫视,https://www.freetv.top/migu/783847495.m3u8?migutoken=19c37a09e888f77999095afe8ca20e57a19a0440f688dadb58c1983f9c69d28a775232128771b0ac3aa7705f3da38a91ae7aadab4019cdbf668c75eb1e31c40d081b960b979564dab3c421d3f7,,,,,,,,CCSH.txt
江西卫视,http://dms.yryyj.site:8188/udp/239.76.245.225:1234,,,,,,,,CCSH.txt
江西卫视,https://stream1.freetv.fun/80bca95b03df18436dd135e8407012a9564496bd5c807844f6d9f5826bd3d57a.m3u8,,,,,,,,CCSH.txt
江西卫视,http://59.39.89.130:60901/tsfile/live/0125_10.m3u8?key=txiptv&playlive=1&authid=0,,,,,,,,CCSH.txt
江西卫视,http://222.169.85.8:9901/tsfile/live/0138_1.m3u8,,,,,,,,CCSH.txt
江西卫视,http://111.61.236.247:9081/hls/36/index.m3u8,,,,,,,,CCSH.txt
江西卫视,http://drive.mxmy.net:8888/udp/239.3.1.123:8164,,,,,,,,CCSH.txt
江西卫视,http://183.215.134.239:19901/tsfile/live/0138_1.m3u8?key=txiptv&playlive=1&authid=0,,,,,,,,CCSH.txt
江西卫视,https://www.freetv.top/migu/783847495.m3u8?migutoken=a3e8d180650039495772db9c034f0598699bcd1a8f5dc386eaa2c7d88903420abcbfaf48d69a26351e436e9c23fb61b8acd6b9690d2aa41f2283d57f444c9c3f1be3e8af5c2aa87d7060804394,,,,,,,,CCSH.txt
江西卫视,https://www.yangshipin.cn/tv/home?pid=600002503,,,,,,,,CCSH.txt
江西卫视,https://stream1.freetv.fun/89466e8806ac91fe9e047d3482b2e4a8b424dccceea5cfe01aa6bca0c7177502.m3u8,,,,,,,,CCSH.txt
江西卫视,https://www.freetv.top/migu/783847495.m3u8?migutoken=3744a9c270a0b16bfdbf60ff4b047f6f1a0c1bbaabca5b2a5c4d2e07cd1775ea609a33d44e2e957bd52e4f42fc5000b0207a705e26b45251cc247c2c1b18d9e8b7980b7b2dc160cbfb0953f211,,,,,,,,CCSH.txt
江西卫视,https://stream1.freetv.fun/2a00fceb286407f91d029a6a5af1d6cc5786da4736f7e084ac3bf39657bbf547.m3u8,,,,,,,,CCSH.txt
江西卫视,http://36.32.174.67:60080/newlive/live/hls/22/live.m3u8,,,,,,,,CCSH.txt
江西卫视,http://btjg.net:809/hls/56/index.m3u8,,,,,,,,CCSH.txt
江西卫视,http://36.32.174.67:60080/newlive/live/hls/31/live.m3u8,,,,,,,,CCSH.txt
江西卫视,https://www.freetv.top/migu/783847495.m3u8?migutoken=e68adbe9de75b7e99dc3afe5aa965084775127e61b76140d0760b54c646a00fb202501f7efbf1cacd66da45725dac5db44885e0bc19831a43d79de05ef08a25bb2a4dc2d09810eb44a95952d05,,,,,,,,CCSH.txt
江西卫视,http://kkk.888.3116598.xyz/api.php?n=tttt&id=HT5GXO&tk=FgM0vQMejxvG,,,,,,,,CCSH.txt
江西卫视,https://www.freetv.top/migu/783847495.m3u8?migutoken=9eed7f0bec5b296058f4a9a7f44f9d5eedc6bffe7c64bc47808571ddfa75d617964a3f0bda631c7909d74535a8eaf0c94af1c4bd1b23411584a243b787c98a912c20f1bc402f28a2dc0643ff42,,,,,,,,CCSH.txt
江西卫视,https://www.freetv.top/migu/783847495.m3u8?migutoken=1396615ba32d01d6e6392c1f7673e2f7fa104cab1eb91ddb1891f3e3f0f0278d0391e4de3696a19b8c865d4e2187f070eb215e9aa50bd155530fa7af15a33ede7b50d2021e40f91a75835e73c6,,,,,,,,CCSH.txt
江西卫视,https://www.freetv.top/migu/783847495.m3u8?migutoken=38b42decc187cc22bb6309841b51df21f3267227cda2e6b190e60e89845ff5fc5218e399e58130d340f3843cc52bc7332faab30e83454d30c4bcd929a0f847f12972351c12fcdccb0b5bc6bd54,,,,,,,,CCSH.txt
江西卫视,http://221.2.148.205:8154/tsfile/live/0138_1.m3u8?key=txiptv&playlive=1&authid=0,,,,,,,,CCSH.txt
江西卫视,http://120.76.248.139/live/bfgd/4200000098.m3u8,,,,,,,,CCSH.txt
江西卫视,https://www.freetv.top/migu/783847495.m3u8?migutoken=b9ba9e2f06ddd219a9e3fb45641a0ba5c0b22ab5904c1b10ab603b4fe2eb30b2e40fdeba589cef7e7c40db7c4a0e66c90c48110a078a361a0975dd6ca0fd0a5de4c13b2c7699d4b0013a868ab6,,,,,,,,CCSH.txt
江西卫视,http://222.169.85.8:9901/tsfile/live/0138_1.m3u8?key=txiptv&playlive=1&authid=0,,,,,,,,CCSH.txt
江西卫视,http://222.214.208.34:59901/tsfile/live/0138_1.m3u8,,,,,,,,CCSH.txt
江西卫视,http://kkk.888.3116598.xyz/api.php?n=tttt&id=Jf5o3A&tk=FgM0vQMejxvG,,,,,,,,CCSH.txt
江西卫视,https://t.freetv.fun/live/jiang-xi-wei-shi-2.php,,,,,,,,CCSH.txt
江西卫视,https://t.freetv.fun/live/jiang-xi-wei-shi-5.m3u8,,,,,,,,CCSH.txt
江西卫视,https://t.freetv.fun/live/jiang-xi-wei-shi-7.m3u8,,,,,,,,CCSH.txt
江西卫视,https://t.freetv.fun/live/jiang-xi-wei-shi-13.m3u8,,,,,,,,CCSH.txt
江西卫视,https://t.freetv.fun/live/jiang-xi-wei-shi.m3u8,,,,,,,,CCSH.txt
江西卫视,https://t.freetv.fun/live/jiang-xi-wei-shi-6.m3u8,,,,,,,,CCSH.txt
江西卫视,https://t.freetv.fun/live/jiang-xi-wei-shi-8.php,,,,,,,,CCSH.txt
江西卫视,https://t.freetv.fun/live/jiang-xi-wei-shi-9.php,,,,,,,,CCSH.txt
江西卫视,https://t.freetv.fun/live/jiang-xi-wei-shi-15.php,,,,,,,,CCSH.txt
江西卫视,https://migu.188766.xyz/?migutoken=ac80bbb04177a8ce4a3b6e70957d5814&id=%E6%B1%9F%E8%A5%BF%E5%8D%AB%E8%A7%86&type=yy,,,,,,,,CCSH.txt
江西卫视,http://go.bkpcp.top/mg/jxws,,,,,,,,CCSH.txt
江西卫视,http://www.wmviv.com/iptv/bc2t.php?id=jxws,,,,,,,,CCSH.txt
江西卫视,http://hlsztemgsplive.miguvideo.com:8080/migu/kailu/jxwshd/50/20190820/index.m3u8?msisdn=202601030602054c00b9dd17074452861731d47ae47fd3&mdspid=&spid=600633&netType=0&sid=5910021492&pid=2028597139&timestamp=20260103060205&Channel_ID=0116_2600037000-99000-200300220100002&ProgramID=783847495&ParentNodeID=-99&assertID=5910021492&client_ip=218.28.233.106&SecurityKey=20260103060205&promotionId=&mvid=5900004351&mcid=500020&playurlVersion=WX-A1-8.12.2-RELEASE&userid=&jmhm=&videocodec=h264&appCode=miguvideo_android&bean=mgspad&tid=android&conFee=0&encrypt=f2195be75a5e859374a682485c9de254&sv=10004&ct=android,,,,,,,,CCSH.txt
江西卫视,http://223.159.9.168:8099/tsfile/live/0138_1.m3u8?key=txiptv&playlive=0&authid=0,,,,,,,,CCSH.txt
江西卫视,https://migu.188766.xyz/?migutoken=c01821f56424b80ecb996a8b050cdc4a&id=%E6%B1%9F%E8%A5%BF%E5%8D%AB%E8%A7%86&type=yy,,,,,,,,CCSH.txt
江西卫视,http://nn.7x9d.cn/xzc2.php?ua=TW96aWxsYS81LjAgKFdpbmRvd3MgTlQgNi4xOyBXaW42NDsgeDY0KSBBcHBsZVdlYktpdC81MzcuMzYgKEtIVE1MLCBsaWtlIEdlY2tvKSBDaHJvbWUvMTA2LjAuMC4wIFNhZmFyaS81MzcuMzY=&hls=aHR0cDovL3R2dGoxLmp4d2x0eC5jb206ODAwMy9qeHdzLm0zdTg=,,,,,,,,CCSH.txt
江西卫视,http://hlsztemgsplive.miguvideo.com:8080/migu/kailu/jxwshd/50/20190820/index.m3u8?msisdn=20260104020222caa278beb3f34502a27d1540cb51b784&mdspid=&spid=600633&netType=0&sid=5910021492&pid=2028597139&timestamp=20260104020222&Channel_ID=0116_2600037000-99000-200300220100002&ProgramID=783847495&ParentNodeID=-99&assertID=5910021492&client_ip=218.28.233.106&SecurityKey=20260104020222&promotionId=&mvid=5900004351&mcid=500020&playurlVersion=WX-A1-8.12.2-RELEASE&userid=&jmhm=&videocodec=h264&appCode=miguvideo_android&bean=mgspad&tid=android&conFee=0&encrypt=81ca964d067bf20609b7d1bcf1432685&sv=10004&ct=android,,,,,,,,CCSH.txt
江西卫视,http://223.241.247.214:9901/tsfile/live/0138_1.m3u8?key=txiptv&playlive=1&authid=0,,,,,,,,CCSH.txt
河北卫视,http://ottrrs.hl.chinamobile.com/PLTV/88888888/224/3221226406/index.m3u8,,,,,,,,CCSH.txt
河北卫视,http://ottrrs.hl.chinamobile.com/PLTV/88888888/224/3221226448/index.m3u8,,,,,,,,CCSH.txt
河北卫视,http://39.134.67.108/PLTV/88888888/224/3221225961/1.m3u8,,,,,,,,CCSH.txt
河北卫视,http://kkk.jjjj.jiduo.me/api.php?n=tttt&id=6178&tk=23a9aca1f79f,,,,,,,,CCSH.txt
河北卫视,https://stream1.freetv.fun/53800b472ac1869f0e75f5c2b17fdee144590e10b746f523425fd6ee5cc9b490.m3u8,,,,,,,,CCSH.txt
河北卫视,http://kkk.888.3116598.xyz/api.php?n=tttt&id=DWA2wY&tk=FgM0vQMejxvG,,,,,,,,CCSH.txt
河北卫视,http://kkk.888.3116598.xyz/api.php?n=tttt&id=T9RuUV&tk=FgM0vQMejxvG,,,,,,,,CCSH.txt
河北卫视,http://kkk.888.3116598.xyz/api.php?n=tttt&id=ErjmYW&tk=FgM0vQMejxvG,,,,,,,,CCSH.txt
河北卫视,http://kkk.888.3116598.xyz/api.php?n=tttt&id=i4aQfu&tk=FgM0vQMejxvG,,,,,,,,CCSH.txt
河北卫视,https://www.yangshipin.cn/tv/home?pid=600002493,,,,,,,,CCSH.txt
河北卫视,http://kkk.888.3116598.xyz/api.php?n=tttt&id=3ykVWL&tk=FgM0vQMejxvG,,,,,,,,CCSH.txt
河北卫视,http://kkk.888.3116598.xyz/api.php?n=tttt&id=yx4PAX&tk=FgM0vQMejxvG,,,,,,,,CCSH.txt
河北卫视,http://kkk.888.3116598.xyz/api.php?n=tttt&id=c6pNdJ&tk=FgM0vQMejxvG,,,,,,,,CCSH.txt
河北卫视,https://stream1.freetv.fun/2b088a863c5484c04d09be1ed6aeb7578ff6c7724fa0cb33425022ad50283155.m3u8,,,,,,,,CCSH.txt
河北卫视,https://iptv.catvod.com/live.php?id=%E6%B2%B3%E5%8C%97%E5%8D%AB%E8%A7%86,,,,,,,,CCSH.txt
河北卫视,http://112.27.235.94:8000/hls/39/index.m3u8,,,,,,,,CCSH.txt
河北卫视,https://stream1.freetv.fun/484879dc432ec39cb4a9d641d729fa42d1dd51f44c8c78afdb9e25d21c19dd1b.m3u8,,,,,,,,CCSH.txt
河北卫视,http://120.211.62.180:8000/hls/19/index.m3u8,,,,,,,,CCSH.txt
河北卫视,http://39.152.103.17:8089/tsfile/live/1079_1.m3u8,,,,,,,,CCSH.txt
河北卫视,http://183.11.239.36:808/hls/54/index.m3u8,,,,,,,,CCSH.txt
河北卫视,http://153.0.171.163:9901/tsfile/live/0117_1.m3u8?key=txiptv&playlive=1&authid=0,,,,,,,,CCSH.txt
河北卫视,http://61.136.172.236:9901/tsfile/live/0117_1.m3u8?key=txiptv&playlive=1&authid=0,,,,,,,,CCSH.txt
河北卫视,http://drive.mxmy.net:8888/udp/239.3.1.148:8072,,,,,,,,CCSH.txt
河北卫视,http://61.136.172.236:9901/tsfile/live/0117_1.m3u8,,,,,,,,CCSH.txt
河北卫视,http://58.57.40.22:9901/tsfile/live/1044_1.m3u8,,,,,,,,CCSH.txt
河北卫视,http://113.15.109.216:59901/tsfile/live/0117_1.m3u8?key=txiptv&playlive=1&authid=0,,,,,,,,CCSH.txt
河北卫视,http://111.61.236.247:9081/hls/17/index.m3u8,,,,,,,,CCSH.txt
河北卫视,http://61.156.228.12:8154/tsfile/live/0117_1.m3u8,,,,,,,,CCSH.txt
河北卫视,https://stream1.freetv.fun/4e6f24f65a56378987600bbf55ac88fc37f4d0e7e836f0179da74235cdb7d911.m3u8,,,,,,,,CCSH.txt
河北卫视,https://stream1.freetv.fun/a445822c682234f66d3d32794a2fc569c66d0bd9b3f50cfed2a447f3cc3ce1d4.m3u8,,,,,,,,CCSH.txt
河北卫视,http://219.145.59.166:8888/tsfile/live/1046_1.m3u8?key=txiptv&playlive=1&authid=0,,,,,,,,CCSH.txt
河北卫视,http://dms.yryyj.site:8188/udp/239.76.245.199:1234,,,,,,,,CCSH.txt
河北卫视,http://123.130.84.106:8154/tsfile/live/0117_1.m3u8,,,,,,,,CCSH.txt
河北卫视,http://123.130.84.106:8154/tsfile/live/0117_1.m3u8?key=txiptv&playlive=1&authid=0,,,,,,,,CCSH.txt
河北卫视,http://36.32.174.67:60080/newlive/live/hls/36/live.m3u8,,,,,,,,CCSH.txt
河北卫视,http://btjg.net:809/hls/45/index.m3u8,,,,,,,,CCSH.txt
河北卫视,http://120.76.248.139/live/bfgd/4200000108.m3u8,,,,,,,,CCSH.txt
河北卫视,https://t.freetv.fun/live/he-bei-wei-shi-13.php,,,,,,,,CCSH.txt
河北卫视,https://t.freetv.fun/live/he-bei-wei-shi-3.m3u8,,,,,,,,CCSH.txt
河北卫视,https://t.freetv.fun/live/he-bei-wei-shi-1.php,,,,,,,,CCSH.txt
河北卫视,https://t.freetv.fun/live/he-bei-wei-shi-2.m3u8,,,,,,,,CCSH.txt
河北卫视,https://t.freetv.fun/live/he-bei-wei-shi-4.php,,,,,,,,CCSH.txt
河北卫视,https://t.freetv.fun/live/he-bei-wei-shi-7.m3u8,,,,,,,,CCSH.txt
河北卫视,https://t.freetv.fun/live/he-bei-wei-shi-8.php,,,,,,,,CCSH.txt
河北卫视,https://t.freetv.fun/live/he-bei-wei-shi-9.m3u8,,,,,,,,CCSH.txt
河北卫视,http://sun135790.x3322.net:9901/tsfile/live/16037_1.m3u8?key=txiptv&playlive=1&authid=0,,,,,,,,CCSH.txt
河北卫视,http://hlsztemgsplive.miguvideo.com:8080/migu/kailu/hbws/50/20251225/index.m3u8?msisdn=20260103080208d598fe27117c4a629fa7db1277582559&mdspid=&spid=600725&netType=0&sid=5910022316&pid=2028597139&timestamp=20260103080208&Channel_ID=0116_2600037000-99000-200300220100002&ProgramID=962042070&ParentNodeID=-99&assertID=5910022316&client_ip=218.28.233.106&SecurityKey=20260103080208&promotionId=&mvid=5900006782&mcid=500020&playurlVersion=WX-A1-8.12.2-RELEASE&userid=&jmhm=&videocodec=h264&appCode=miguvideo_android&bean=mgspad&tid=android&conFee=0&encrypt=d004a8de58e05f2c9c0a0e1bc297479d&sv=10004&ct=android,,,,,,,,CCSH.txt
河北卫视,http://139.196.214.238/rtp/239.45.1.44:5140,,,,,,,,CCSH.txt
河北卫视,http://223.159.9.168:8099/tsfile/live/0117_1.m3u8?key=txiptv&playlive=0&authid=0,,,,,,,,CCSH.txt
河南卫视,http://ottrrs.hl.chinamobile.com/PLTV/88888888/224/3221226480/index.m3u8,,,,,,,,CCSH.txt
河南卫视,http://ottrrs.hl.chinamobile.com/PLTV/88888888/224/3221226320/index.m3u8,,,,,,,,CCSH.txt
河南卫视,https://stream1.freetv.fun/he-nan-wei-shi-79.ctv,,,,,,,,CCSH.txt
河南卫视,http://kkk.888.3116598.xyz/api.php?n=tttt&id=02w5OC&tk=FgM0vQMejxvG,,,,,,,,CCSH.txt
河南卫视,https://iptv.catvod.com/live.php?id=%E6%B2%B3%E5%8D%97%E5%8D%AB%E8%A7%86,,,,,,,,CCSH.txt
河南卫视,http://kkk.888.3116598.xyz/api.php?n=tttt&id=cVhYJx&tk=FgM0vQMejxvG,,,,,,,,CCSH.txt
河南卫视,http://kkk.888.3116598.xyz/api.php?n=tttt&id=VgNHgl&tk=FgM0vQMejxvG,,,,,,,,CCSH.txt
河南卫视,https://migu.188766.xyz/?migutoken=8c44e01760f43e8008c7f29b0afcf0d6&id=%E6%B2%B3%E5%8D%97%E5%8D%AB%E8%A7%86%E9%AB%98%E6%B8%85&type=yy,,,,,,,,CCSH.txt
河南卫视,http://kkk.888.3116598.xyz/api.php?n=tttt&id=rkmch6&tk=FgM0vQMejxvG,,,,,,,,CCSH.txt
河南卫视,https://stream1.freetv.fun/ea842ab34e6da31e0eae5bd8be6c4b7d67f0b0c214efaca7ff2c5a1718f7fe55.m3u8,,,,,,,,CCSH.txt
河南卫视,http://120.211.62.180:8000/hls/40/index.m3u8,,,,,,,,CCSH.txt
河南卫视,https://www.yangshipin.cn/tv/home?pid=600002525,,,,,,,,CCSH.txt
河南卫视,https://stream1.freetv.fun/2e110535b415adb85de384221124aaca09d4809a3ab71a234eedb2b3f736aa99.m3u8,,,,,,,,CCSH.txt
河南卫视,http://112.27.235.94:8000/hls/37/index.m3u8,,,,,,,,CCSH.txt
河南卫视,http://183.222.242.31:8088/hls/35/index.m3u8,,,,,,,,CCSH.txt
河南卫视,http://61.156.228.12:8154/tsfile/live/0139_1.m3u8,,,,,,,,CCSH.txt
河南卫视,http://153.0.171.163:9901/tsfile/live/0139_1.m3u8?key=txiptv&playlive=1&authid=0,,,,,,,,CCSH.txt
河南卫视,http://113.15.109.216:59901/tsfile/live/0139_1.m3u8?key=txiptv&playlive=1&authid=0,,,,,,,,CCSH.txt
河南卫视,http://61.136.172.236:9901/tsfile/live/0139_1.m3u8?key=txiptv&playlive=1&authid=0,,,,,,,,CCSH.txt
河南卫视,http://111.221.137.234:44330/tsfile/live/0136_1.m3u8?key=txiptv&playlive=0&authid=0,,,,,,,,CCSH.txt
河南卫视,http://182.150.23.74:808/hls/33/index.m3u8,,,,,,,,CCSH.txt
河南卫视,https://stream1.freetv.fun/e3db1ee2a7e7ad78d43c47c7119f2bbc11eac1b6ebfc47dc0831b0316413f1b6.m3u8,,,,,,,,CCSH.txt
河南卫视,http://123.130.84.106:8154/tsfile/live/0139_1.m3u8?key=txiptv&playlive=1&authid=0,,,,,,,,CCSH.txt
河南卫视,http://123.130.84.106:8154/tsfile/live/0139_1.m3u8,,,,,,,,CCSH.txt
河南卫视,http://111.61.236.247:9081/hls/33/index.m3u8,,,,,,,,CCSH.txt
河南卫视,https://www.freetv.top/migu/790187291.m3u8?migutoken=3fa5112cca2c2ce74028510dfbaacbc2dce25969982adc457060f0def4c56e2d5efdeb3d0e4ef181a2255dd07c1e7723b5bee70da78172e50618743c5eac8808279282803f9488156ec4d7dbac,,,,,,,,CCSH.txt
河南卫视,https://www.freetv.top/migu/790187291.m3u8?migutoken=8cfda6b4bd8593bb9739434fecdd1cd097ab9b9609ed72d6de4ca14196c33fbc5ea88d4dae5a4c8a359213f9affc7ab2cf675a934561839e4060ba75bd56e43da713a62e3ebabc4ced1c770bca,,,,,,,,CCSH.txt
河南卫视,http://kkk.888.3116598.xyz/api.php?n=tttt&id=pjUzqU&tk=FgM0vQMejxvG,,,,,,,,CCSH.txt
河南卫视,https://stream1.freetv.fun/14c0efa0b69afff8af801b538a27a783845acdb87174717d8871a5fa9de187e0.m3u8,,,,,,,,CCSH.txt
河南卫视,http://www.cdnstv.com:6398/hls/47/index.m3u8,,,,,,,,CCSH.txt
河南卫视,http://btjg.net:809/hls/55/index.m3u8,,,,,,,,CCSH.txt
河南卫视,http://tvcdn.stream3.hndt.com/tv/65c4a6d5017e1000b2b6ea2500000000_transios/playlist.m3u8?wsSecret=13b7c4b28e406a01e09035347feb220d&wsTime=1767294459,,,,,,,,CCSH.txt
河南卫视,http://tvcdn.stream3.hndt.com/tv/65c4a6d5017e1000b2b6ea2500000000_transios/playlist.m3u8?wsSecret=73f5f0336e5586a9cb69f6b48e87f793&wsTime=1767297601,,,,,,,,CCSH.txt
河南卫视,http://58.57.40.22:9901/tsfile/live/1048_1.m3u8,,,,,,,,CCSH.txt
河南卫视,http://61.136.172.236:9901/tsfile/live/0139_1.m3u8,,,,,,,,CCSH.txt
河南卫视,http://120.238.94.10:9901/tsfile/live/1068_1.m3u8,,,,,,,,CCSH.txt
河南卫视,http://cssbyd.imwork.net:8082/hls/37/index.m3u8,,,,,,,,CCSH.txt
河南卫视,http://183.11.239.36:808/hls/51/index.m3u8,,,,,,,,CCSH.txt
河南卫视,https://t.freetv.fun/live/he-nan-wei-shi-1.m3u8,,,,,,,,CCSH.txt
河南卫视,https://t.freetv.fun/live/he-nan-wei-shi-2.php,,,,,,,,CCSH.txt
河南卫视,https://t.freetv.fun/live/he-nan-wei-shi-11.m3u8,,,,,,,,CCSH.txt
河南卫视,https://t.freetv.fun/live/he-nan-wei-shi-24.m3u8,,,,,,,,CCSH.txt
河南卫视,https://t.freetv.fun/live/he-nan-wei-shi-4.php,,,,,,,,CCSH.txt
河南卫视,https://t.freetv.fun/live/he-nan-wei-shi-5.m3u8,,,,,,,,CCSH.txt
河南卫视,https://t.freetv.fun/live/he-nan-wei-shi-7.php,,,,,,,,CCSH.txt
河南卫视,https://t.freetv.fun/live/he-nan-wei-shi-8.php,,,,,,,,CCSH.txt
河南卫视,https://t.freetv.fun/live/he-nan-wei-shi-13.php,,,,,,,,CCSH.txt
河南卫视,https://t.freetv.fun/live/he-nan-wei-shi-20.m3u8,,,,,,,,CCSH.txt
河南卫视,https://migu.188766.xyz/?migutoken=f6a9914d110fc4ae16a8358ef03f8d6c&id=%E6%B2%B3%E5%8D%97%E5%8D%AB%E8%A7%86%E9%AB%98%E6%B8%85&type=yy,,,,,,,,CCSH.txt
